SALE TYPE,SOLD DATE,PROPERTY TYPE,ADDRESS,CITY,STATE OR PROVINCE,ZIP OR POSTAL CODE,PRICE,BEDS,BATHS,LOCATION,SQUARE FEET,LOT SIZE,YEAR BUILT,DAYS ON MARKET,$/SQUARE FEET,HOA/MONTH,STATUS,NEXT OPEN HOUSE START TIME,NEXT OPEN HOUSE END TIME,URL (SEE http://www.redfin.com/buy-a-home/comparative-market-analysis FOR INFO ON PRICING),SOURCE,MLS#,FAVORITE,INTERESTED,LATITUDE,LONGITUDE
MLS Listing,,Single Family Residential,7248 Starbrook St,Portage,MI,49024,139000,4,2.0,K19 - North Portage,1872,10019,1970,2,74,,Active,,,http://www.redfin.com/MI/Portage/7248-Starbrook-St-49024/home/96503975,SW Michigan MLS,19058736,N,Y,42.2113358,-85.6118848
MLS Listing,,Single Family Residential,5394 Burning Tree Rd,Kalamazoo,MI,49009,269900,4,2.5,K25 - Texas Township,2110,22651,1981,3,128,,Active,,,http://www.redfin.com/MI/Kalamazoo/5394-Burning-Tree-Rd-49009/home/111954447,SW Michigan MLS,19058696,N,Y,42.2096091,-85.6560705
MLS Listing,,Single Family Residential,7827 Drake Rdg,Kalamazoo,MI,49009,445000,4,3.5,K25 - Texas Township,2438,140,2015,3,183,,Active,,,http://www.redfin.com/MI/Kalamazoo/7827-Drake-Rdg-49009/home/111944989,SW Michigan MLS,19058658,N,Y,42.2035454,-85.6931244
MLS Listing,,Single Family Residential,7701 E N Ave,Kalamazoo,MI,49048,48000,3,2.5,K13 - Comstock & Charleston,1734,132422,1989,3,28,,Active,,,http://www.redfin.com/MI/Kalamazoo/7701-E-N-Ave-49048/home/96377261,SW Michigan MLS,19058630,N,Y,42.2452167,-85.4792695
MLS Listing,,Single Family Residential,9946 Navy Pier St,Portage,MI,49002,329900,4,3.5,K20 - South Portage,3300,,2007,4,100,,Active,,,http://www.redfin.com/MI/Portage/9946-Navy-Pier-St-49002/home/96166032,SW Michigan MLS,19058560,N,Y,42.1729666,-85.5649489
MLS Listing,,Single Family Residential,8297 S 10th St,Kalamazoo,MI,49009,209914,5,3.0,K25 - Texas Township,3144,41818,1964,4,67,,Active,,,http://www.redfin.com/MI/Kalamazoo/8297-S-10th-St-49009/home/96797731,SW Michigan MLS,19058539,N,Y,42.1985786,-85.6667582
MLS Listing,,Single Family Residential,5783 Saddle Club Dr,Kalamazoo,MI,49009,430000,4,3.5,K25 - Texas Township,3448,21170,1990,4,125,,Active,,,http://www.redfin.com/MI/Kalamazoo/5783-Saddle-Club-Dr-49009/home/96720004,SW Michigan MLS,19058536,N,Y,42.2045988,-85.6635148
MLS Listing,,Single Family Residential,7779 Corners Cove St,Kalamazoo,MI,49009,634500,4,3.5,K25 - Texas Township,2724,18295,2019,4,233,,Active,,,http://www.redfin.com/MI/Kalamazoo/7779-Corners-Cove-ST-Unknown/home/170135775,SW Michigan MLS,19058526,N,Y,42.204495,-85.692245
MLS Listing,,Single Family Residential,7299 Brindle Trl,Kalamazoo,MI,49009,304000,5,2.5,K25 - Texas Township,3453,10890,2010,4,88,98,Active,,,http://www.redfin.com/MI/Kalamazoo/7299-Brindle-Trl-49009/home/96324763,SW Michigan MLS,19058494,N,Y,42.2111296,-85.6713794
MLS Listing,,Single Family Residential,4322 Stratford Drive Dr,Portage,MI,49024,150000,4,1.5,K19 - North Portage,1546,9104,1961,5,97,,Active,,,http://www.redfin.com/MI/Portage/4322-Stratford-Dr-49024/home/96331879,SW Michigan MLS,19058452,N,Y,42.2314024,-85.6416206
MLS Listing,,Single Family Residential,624 Parker Ave,Kalamazoo,MI,49008,119999,3,2.0,K03 - Westnedge-Whites Rd,1522,10019,1943,5,79,,Active,,,http://www.redfin.com/MI/Kalamazoo/624-Parker-Ave-49008/home/96123985,SW Michigan MLS,19058385,N,Y,42.2537806,-85.591819
MLS Listing,,Single Family Residential,4339 Squire Heath Rd,Portage,MI,49024,350000,4,3.0,K19 - North Portage,3267,21344,1985,6,107,,Active,,,http://www.redfin.com/MI/Portage/4339-Squire-Heath-Rd-49024/home/111977854,SW Michigan MLS,19058330,N,Y,42.2058157,-85.641259
MLS Listing,,Single Family Residential,7259 Hopkinton Dr,Kalamazoo,MI,49009,299900,4,2.5,K25 - Texas Township,2393,14925,,6,125,17,Active,,,http://www.redfin.com/MI/Texas-Charter-Township/Hopkinton-Dr-49009/home/169995737,SW Michigan MLS,19058328,N,Y,42.211814,-85.659207
MLS Listing,,Single Family Residential,7135 Hopkinton Dr,Kalamazoo,MI,49009,329900,4,2.5,K25 - Texas Township,2735,13849,,6,121,17,Active,,,http://www.redfin.com/MI/Texas-Charter-Township/Hopkinton-Dr-49009/home/169995731,SW Michigan MLS,19058313,N,Y,42.213878,-85.65943
MLS Listing,,Single Family Residential,3513 Lowden St,Kalamazoo,MI,49008,134900,4,1.0,K04 - Oakwood-Parkview,1296,6098,1930,6,104,,Active,,,http://www.redfin.com/MI/Kalamazoo/3513-Lowden-St-49008/home/96270945,SW Michigan MLS,19058241,N,Y,42.2575487,-85.6255535
MLS Listing,,Single Family Residential,716 W Kilgore Rd,Kalamazoo,MI,49008,154900,2,1.0,K03 - Westnedge-Whites Rd,1155,7930,1952,6,134,,Active,,,http://www.redfin.com/MI/Kalamazoo/716-W-Kilgore-Rd-49008/home/111976652,SW Michigan MLS,19058222,N,Y,42.2453559,-85.5927015
MLS Listing,,Multi-Family (2-4 Unit),,Kalamazoo,MI,49001,149900,5,2.0,,,5968,1972,7,,,Active,,,http://www.redfin.com/MI/Kalamazoo/Undisclosed-address-49001/home/96847168,SW Michigan MLS,19058094,N,Y,42.2610073,-85.5697931
MLS Listing,,Single Family Residential,1419 Edington St,Portage,MI,49024,179900,4,1.5,K19 - North Portage,2272,18731,1963,8,79,,Active,,,http://www.redfin.com/MI/Portage/1419-Edington-St-49024/home/96642355,SW Michigan MLS,19058071,N,Y,42.2230173,-85.6059598
MLS Listing,,Single Family Residential,7106 S 10th St,Kalamazoo,MI,49009,324000,4,2.5,K25 - Texas Township,2244,26136,2015,9,144,,Active,,,http://www.redfin.com/MI/Kalamazoo/7106-S-10th-St-49009/home/96295464,SW Michigan MLS,19058044,N,Y,42.2130029,-85.6675786
MLS Listing,,Single Family Residential,306 Parkland Ter,Portage,MI,49024,279500,5,3.0,K20 - South Portage,2902,12415,1993,11,96,,Active,,,http://www.redfin.com/MI/Portage/306-Parkland-Ter-49024/home/96182313,SW Michigan MLS,19057902,N,Y,42.1873407,-85.5918175
MLS Listing,,Condo/Co-op,8158 Flat Rock,Portage,MI,49024,299900,2,2.0,K20 - South Portage,1390,,,11,216,285,Active,,,http://www.redfin.com/MI/Portage/8158-Flat-Rock-Rdg-49024/home/143128652,SW Michigan MLS,19057869,N,Y,42.1978026,-85.6178297
MLS Listing,,Single Family Residential,713 Cottondale Ave,Portage,MI,49024,114900,3,1.0,K19 - North Portage,974,8276,1960,11,118,,Active,,,http://www.redfin.com/MI/Portage/713-Cottondale-Ave-49024/home/96198918,SW Michigan MLS,19057831,N,Y,42.2248733,-85.5971615
MLS Listing,,Single Family Residential,5849 Heverly Dr,Portage,MI,49024,215000,3,2.5,K20 - South Portage,2026,17424,1975,12,106,,Active,,,http://www.redfin.com/MI/Portage/5849-Heverly-Dr-49024/home/111953269,SW Michigan MLS,19057730,N,Y,42.231701,-85.622849
MLS Listing,,Single Family Residential,3175 Lites-end Ct,Portage,MI,49024,369900,4,2.5,K19 - North Portage,3976,22651,1983,12,93,,Active,,,http://www.redfin.com/MI/Portage/3175-Lites-End-Ct-49024/home/96234010,SW Michigan MLS,19057670,N,Y,42.2247941,-85.6273269
MLS Listing,,Single Family Residential,3103 Morgan St,Kalamazoo,MI,49001,142000,2,1.5,K01 - Milwood,1216,6011,1945,13,117,,Active,,,http://www.redfin.com/MI/Kalamazoo/3103-Morgan-St-49001/home/96241276,SW Michigan MLS,19057650,N,Y,42.2604528,-85.5589695
MLS Listing,,Condo/Co-op,6109 Danford Creek Dr #1,Kalamazoo,MI,49009,64900,2,1.0,K22 - Oshtemo Twp,882,1,1981,13,74,189,Active,,,http://www.redfin.com/MI/Kalamazoo/6109-Danford-Creek-Dr-49009/unit-1/home/111973329,SW Michigan MLS,19057590,N,Y,42.2627738,-85.6697424
MLS Listing,,Single Family Residential,5364 Brandy Ave,Kalamazoo,MI,49009,365000,4,2.5,K22 - Oshtemo Twp,2978,14985,2003,13,123,,Active,,,http://www.redfin.com/MI/Kalamazoo/5364-Brandy-Ave-49009/home/111959184,SW Michigan MLS,19057561,N,Y,42.2460713,-85.6554083
MLS Listing,,Single Family Residential,7914 Kingston Dr,Portage,MI,49002,139900,3,1.5,K19 - North Portage,1110,6098,1953,14,126,,Active,,,http://www.redfin.com/MI/Portage/7914-Kingston-Dr-49002/home/96165462,SW Michigan MLS,19057488,N,Y,42.2020203,-85.5841823
MLS Listing,,Vacant Land,1561 Canal St,Portage,MI,49002,79900,,,K21 - Schoolcraft & Prairie Ronde Twp,,26136,,14,,,Active,,,http://www.redfin.com/MI/Portage/1561-Canal-St-49002/home/111978624,SW Michigan MLS,19057484,N,Y,42.1544933,-85.5717628
MLS Listing,,Condo/Co-op,2062 Hailey Ct,Portage,MI,49024,234900,2,2.0,K19 - North Portage,1188,177725,2019,14,198,150,Active,,,http://www.redfin.com/MI/Portage/2062-Hailey-CT-49024/home/170037798,SW Michigan MLS,19057457,N,Y,42.221182,-85.61369
MLS Listing,,Single Family Residential,6825 E Rs Ave,Scotts,MI,49088,255000,3,3.5,K16 - Pavillion & Climax Tw,1950,21780,1999,14,131,,Active,,,http://www.redfin.com/MI/Scotts/6825-Rs-Ave-E-49088/home/96199063,SW Michigan MLS,19057413,N,Y,42.1797611,-85.4946492
MLS Listing,,Condo/Co-op,8227 Thimbleweed Trl,Kalamazoo,MI,49009,412880,3,3.0,K25 - Texas Township,2551,6532,,16,162,275,Active,,,http://www.redfin.com/MI/Kalamazoo/8227-Thimbleweed-Trl-49009/home/143128575,SW Michigan MLS,19057376,N,Y,42.197892,-85.692314
MLS Listing,,Single Family Residential,2003 Woodbine Ave,Portage,MI,49002,154900,3,1.0,K20 - South Portage,1040,15246,1969,17,149,,Active,,,http://www.redfin.com/MI/Portage/2003-Woodbine-Ave-49002/home/111942685,SW Michigan MLS,19057365,N,Y,42.1788525,-85.5659885
MLS Listing,,Condo/Co-op,7224 Indigo Way,Kalamazoo,MI,49009,340450,2,2.0,K25 - Texas Township,1249,6536,,17,273,275,Active,,,http://www.redfin.com/MI/Kalamazoo/7224-Indigo-Way-49009/home/143128579,SW Michigan MLS,19057282,N,Y,42.198833,-85.691163
MLS Listing,,Single Family Residential,7572 Farmington Ave,Kalamazoo,MI,49009,239900,4,2.5,K25 - Texas Township,2784,18910,1974,17,86,,Active,,,http://www.redfin.com/MI/Kalamazoo/7572-Farmington-Ave-49009/home/111968662,SW Michigan MLS,19057254,N,Y,42.2075242,-85.657415
MLS Listing,,Single Family Residential,8651 Swan St,Kalamazoo,MI,49009,339900,4,2.5,K25 - Texas Township,3692,44867,1987,17,92,,Active,,,http://www.redfin.com/MI/Kalamazoo/8651-Swan-St-49009/home/101336217,SW Michigan MLS,19057240,N,Y,42.1915039,-85.6510736
MLS Listing,,Single Family Residential,1553 Notley Field Ln,Vicksburg,MI,49097,209900,3,2.5,K21 - Schoolcraft & Prairie Ronde Twp,1905,7362,2018,17,110,,Active,,,http://www.redfin.com/MI/Vicksburg/1553-Notley-Field-Ln-49097/home/111950485,SW Michigan MLS,19057225,N,Y,42.1382039,-85.5585617
MLS Listing,,Single Family Residential,10611 Tomkinson Dr,Scotts,MI,49088,75000,3,1.5,K16 - Pavillion & Climax Tw,1943,12937,1955,18,39,,Active,,,http://www.redfin.com/MI/Scotts/10611-Tomkinson-Dr-49088/home/111944428,SW Michigan MLS,19057211,N,Y,42.1628863,-85.4875235
MLS Listing,,Single Family Residential,7222 W R Ave,Kalamazoo,MI,49009,329999,3,2.5,K25 - Texas Township,2730,443441,1984,18,121,,Active,,,http://www.redfin.com/MI/Kalamazoo/7222-W-R-Ave-49009/home/111950375,SW Michigan MLS,19057076,N,Y,42.1878868,-85.690889
MLS Listing,,Single Family Residential,6147 Avon,PORTAGE,MI,49024,195000,4,2.0,Portage Twp,1725,8276,1961,19,113,,Active,,,http://www.redfin.com/MI/Portage/6147-Avon-St-49024/home/111943653,REALCOMP,57050001280,N,Y,42.2273167,-85.603208
MLS Listing,,Single Family Residential,1480 Canal St,Portage,MI,49002,329900,3,2.5,K21 - Schoolcraft & Prairie Ronde Twp,3122,14549,1972,19,106,,Active,,,http://www.redfin.com/MI/Portage/1480-Canal-St-49002/home/111951118,SW Michigan MLS,19056989,N,Y,42.1549615,-85.5709187
MLS Listing,,Single Family Residential,10810 Schuur St,Portage,MI,49024,282000,3,2.0,K20 - South Portage,1658,12110,2017,19,170,,Active,,,http://www.redfin.com/MI/Portage/10810-Schuur-St-49024/home/96784210,SW Michigan MLS,19056953,N,Y,42.1601176,-85.6156967
MLS Listing,,Single Family Residential,5315 Angling Rd,Portage,MI,49024,379900,4,3.0,K19 - North Portage,3391,74923,1945,20,112,,Active,,,http://www.redfin.com/MI/Portage/5315-Angling-Rd-49024/home/96139891,SW Michigan MLS,19056811,N,Y,42.2399477,-85.627969
MLS Listing,,Condo/Co-op,3218 Greenleaf Blvd,Kalamazoo,MI,49008,175000,3,2.5,K04 - Oakwood-Parkview,1828,,1978,20,96,350,Active,,,http://www.redfin.com/MI/Kalamazoo/3218-Greenleaf-Blvd-49008/home/96216690,SW Michigan MLS,19056801,N,Y,42.2584611,-85.6309112
MLS Listing,,Single Family Residential,6107 Longview St,Portage,MI,49024,180000,4,1.5,K19 - North Portage,1914,9104,1958,20,94,,Active,,,http://www.redfin.com/MI/Portage/6107-Longview-St-49024/home/96114922,SW Michigan MLS,19056756,N,Y,42.2284767,-85.5928221
MLS Listing,,Single Family Residential,11037 Sugar Island Dr,Schoolcraft,MI,49087,185900,4,2.5,K21 - Schoolcraft & Prairie Ronde Twp,2310,11880,1972,22,80,,Active,,,http://www.redfin.com/MI/Schoolcraft/11037-Sugar-Island-Dr-49087/home/111953424,SW Michigan MLS,19056576,N,Y,42.1567772,-85.6334703
MLS Listing,,Single Family Residential,10080 Woodlawn Dr,Portage,MI,49002,164900,3,2.0,K20 - South Portage,1856,43429,1966,25,89,,Active,,,http://www.redfin.com/MI/Portage/10080-Woodlawn-Dr-49002/home/111954399,SW Michigan MLS,19056451,N,Y,42.1710197,-85.5599033
MLS Listing,,Single Family Residential,1702 Grovenberg Ct,Vicksburg,MI,49097,194900,3,2.5,K21 - Schoolcraft & Prairie Ronde Twp,2040,10890,2016,27,96,42,Active,,,http://www.redfin.com/MI/Vicksburg/1702-Grovenberg-Ct-49097/home/111981033,SW Michigan MLS,19056239,N,Y,42.140944,-85.5510974
MLS Listing,,Single Family Residential,2307 Woodbine Ave,Portage,MI,49002,189000,3,1.5,K20 - South Portage,2147,14375,1966,27,88,,Active,,,http://www.redfin.com/MI/Portage/2307-Woodbine-Ave-49002/home/96307771,SW Michigan MLS,19056196,N,Y,42.1788997,-85.5621281
MLS Listing,,Condo/Co-op,3105 Sturgeon Bay Ave,Portage,MI,49024,117500,2,1.5,K19 - North Portage,942,,1981,28,125,255,Active,,,http://www.redfin.com/MI/Portage/3105-Sturgeon-Bay-Ave-49024/home/96313703,SW Michigan MLS,19056171,N,Y,42.2365877,-85.6265967
MLS Listing,,Vacant Land,7572 Montego Bay St,Portage,MI,49002,40000,,,K20 - South Portage,,10803,,28,,,Active,,,http://www.redfin.com/MI/Portage/7572-Montego-Bay-St-49002/home/96753026,SW Michigan MLS,19056124,N,Y,42.2071509,-85.5315545
MLS Listing,,Single Family Residential,10496 Woodlawn Dr,Portage,MI,49002,275000,3,2.0,K20 - South Portage,1940,111514,1991,28,142,,Active,,,http://www.redfin.com/MI/Portage/10496-Woodlawn-Dr-49002/home/111962438,SW Michigan MLS,19056088,N,Y,42.1647958,-85.5672605
MLS Listing,,Condo/Co-op,4040 Greenleaf Cir Apt 211,Kalamazoo,MI,49008,249900,2,2.0,K04 - Oakwood-Parkview,2030,,1974,30,123,733,Active,,,http://www.redfin.com/MI/Kalamazoo/4040-Greenleaf-Cir-49008/unit-211/home/169929992,SW Michigan MLS,19056011,N,Y,42.2512675,-85.6296943
MLS Listing,,Single Family Residential,7852 Wildberry Ct,Portage,MI,49024,289000,5,3.5,K19 - North Portage,2591,11326,1997,31,112,,Active,,,http://www.redfin.com/MI/Portage/7852-Wildberry-Ct-49024/home/96167163,SW Michigan MLS,19055999,N,Y,42.2030858,-85.6074662
MLS Listing,,Single Family Residential,2798 Innisbrook Dr,Portage,MI,49024,459900,4,3.5,K19 - North Portage,3664,23958,1994,31,126,17,Active,,,http://www.redfin.com/MI/Portage/2798-Innisbrook-Dr-49024/home/96309253,SW Michigan MLS,19055877,N,Y,42.2045257,-85.622508
MLS Listing,,Single Family Residential,6848 Bay Ridge Rd,Kalamazoo,MI,49009,276900,4,2.5,K25 - Texas Township,2699,29621,1995,32,103,,Active,,,http://www.redfin.com/MI/Kalamazoo/6848-Bay-Ridge-Rd-49009/home/96142792,SW Michigan MLS,19055858,N,Y,42.2177486,-85.6606857
MLS Listing,,Single Family Residential,3424 Old Colony Rd,Kalamazoo,MI,49008,266000,3,2.5,K03 - Westnedge-Whites Rd,2197,16335,1940,32,121,,Active,,,http://www.redfin.com/MI/Kalamazoo/3424-Old-Colony-Rd-49008/home/96399398,SW Michigan MLS,19055722,N,Y,42.2569219,-85.6005364
MLS Listing,,Single Family Residential,1325 Ellery Grove Ct,Vicksburg,MI,49097,189900,3,2.5,K21 - Schoolcraft & Prairie Ronde Twp,1576,5712,2019,32,120,37,Active,,,http://www.redfin.com/MI/Vicksburg/1325-Ellery-Grove-Ct-49097/home/111963037,SW Michigan MLS,19055700,N,Y,42.1371111,-85.5571032
MLS Listing,,Single Family Residential,6721 Oakland Dr,Portage,MI,49024,146900,3,1.0,K20 - South Portage,1393,19602,1964,33,105,,Active,,,http://www.redfin.com/MI/Portage/6721-Oakland-Dr-49024/home/111955647,SW Michigan MLS,19055634,N,Y,42.2192663,-85.6135116
MLS Listing,,Single Family Residential,10834 Country Grove Cir,Portage,MI,49024,300000,4,2.5,K20 - South Portage,2788,10629,2016,34,108,,Active,,,http://www.redfin.com/MI/Portage/10834-Country-Grove-Cir-49024/home/111964898,SW Michigan MLS,19055550,N,Y,42.1594215,-85.6169256
MLS Listing,,Single Family Residential,8516 Portage Rd,Portage,MI,49002,175000,3,1.0,K20 - South Portage,1310,15682,1955,34,134,,Active,,,http://www.redfin.com/MI/Portage/8516-Portage-Rd-49002/home/96289098,SW Michigan MLS,19055520,N,Y,42.1931908,-85.5617929
MLS Listing,,Single Family Residential,917 Clover St,Kalamazoo,MI,49008,159900,3,2.0,K03 - Westnedge-Whites Rd,1985,14767,1951,34,81,,Active,,,http://www.redfin.com/MI/Kalamazoo/917-Clover-St-49008/home/96333156,SW Michigan MLS,19055426,N,Y,42.2547995,-85.5962426
MLS Listing,,Condo/Co-op,8235 Flat Rock,Portage,MI,49024,499900,3,3.5,K20 - South Portage,3067,,2019,35,163,275,Active,,,http://www.redfin.com/MI/Portage/8235-Flat-Rock-Rdg-49024/home/145725003,SW Michigan MLS,19055378,N,Y,42.1978026,-85.6178297
MLS Listing,,Condo/Co-op,3625 Tartan Cir,Portage,MI,49024,162500,2,2.0,K19 - North Portage,1255,,1988,35,129,312,Active,,,http://www.redfin.com/MI/Portage/3625-Tartan-Cir-49024/home/96296971,SW Michigan MLS,19055314,N,Y,42.2076076,-85.6323056
MLS Listing,,Condo/Co-op,7887 Preakness Ct,Kalamazoo,MI,49009,389990,3,2.0,K25 - Texas Township,2048,8355,2019,35,190,300,Active,,,http://www.redfin.com/MI/Kalamazoo/7887-Preakness-Ct-49009/home/111962345,SW Michigan MLS,19055293,N,Y,42.202672,-85.6749772
MLS Listing,,Single Family Residential,1120 Hol Hi Dr,Kalamazoo,MI,49008,255000,4,2.5,K03 - Westnedge-Whites Rd,2652,17424,1959,36,96,,Active,,,http://www.redfin.com/MI/Kalamazoo/1120-Hol-Hi-Dr-49008/home/96134374,SW Michigan MLS,19055265,N,Y,42.2592935,-85.5988529
MLS Listing,,Single Family Residential,3032 Vanderbilt Ave,Portage,MI,49024,224900,3,1.0,K20 - South Portage,2994,130680,1958,38,75,,Active,,,http://www.redfin.com/MI/Portage/3032-Vanderbilt-Ave-49024/home/96406770,SW Michigan MLS,19055192,N,Y,42.1830131,-85.6250953
MLS Listing,,Single Family Residential,1713 E Cork St,Kalamazoo,MI,49001,145000,3,2.5,K01 - Milwood,2151,5750,1939,38,67,,Active,,,http://www.redfin.com/MI/Kalamazoo/1713-E-Cork-St-49001/home/96244159,SW Michigan MLS,19055164,N,Y,42.2597669,-85.5585765
MLS Listing,,Single Family Residential,3915 Riley Rdg,Portage,MI,49024,319900,3,2.5,K19 - North Portage,2326,14810,2016,38,138,18,Active,,,http://www.redfin.com/MI/Portage/3915-Riley-Rdg-49024/home/109320967,SW Michigan MLS,19055149,N,Y,42.2318437,-85.6363218
MLS Listing,,Single Family Residential,6160 Saddle Ridge Ct,Kalamazoo,MI,49009,399900,5,3.5,K25 - Texas Township,4160,23226,2005,38,96,137,Active,,,http://www.redfin.com/MI/Kalamazoo/6160-Saddle-Ridge-Ct-49009/home/96339377,SW Michigan MLS,19055088,N,Y,42.2034358,-85.6714596
MLS Listing,,Single Family Residential,1308 Howland Ave,Kalamazoo,MI,49001,158900,3,1.0,K01 - Milwood,1434,14810,1936,39,111,,Active,,,http://www.redfin.com/MI/Kalamazoo/1308-Howland-Ave-49001/home/96144033,SW Michigan MLS,19055004,N,Y,42.2585077,-85.5637649
MLS Listing,,Single Family Residential,7289 Hunters Ridge Dr,Kalamazoo,MI,49009,299900,4,2.5,K25 - Texas Township,3035,15682,2000,39,99,,Active,,,http://www.redfin.com/MI/Kalamazoo/7289-Hunters-Ridge-Dr-49009/home/96612166,SW Michigan MLS,19054913,N,Y,42.211428,-85.653649
MLS Listing,,Single Family Residential,2108 Cork St,Kalamazoo,MI,49001,79999,4,1.0,K01 - Milwood,1290,15246,1924,40,62,,Active,,,http://www.redfin.com/MI/Kalamazoo/2108-E-Cork-St-49001/home/96282760,SW Michigan MLS,19054861,N,Y,42.2592956,-85.5533493
MLS Listing,,Single Family Residential,6697 Oleander Ln,Portage,MI,49024,749799,6,6.0,K19 - North Portage,6753,26571,2001,40,111,25,Active,,,http://www.redfin.com/MI/Portage/6697-Oleander-Ln-49024/home/96266420,SW Michigan MLS,19054855,N,Y,42.2188239,-85.6306797
MLS Listing,,Single Family Residential,7448 Texas Heights Ave,Kalamazoo,MI,49009,224900,3,2.5,K25 - Texas Township,1744,17380,1999,40,129,,Active,,,http://www.redfin.com/MI/Kalamazoo/7448-Texas-Heights-Ave-49009/home/96134861,SW Michigan MLS,19054805,N,Y,42.1973133,-85.6954674
MLS Listing,,Single Family Residential,6936 Orchard Meadow Ct,Portage,MI,49024,257500,4,2.5,K19 - North Portage,2411,10454,1998,40,107,,Active,,,http://www.redfin.com/MI/Portage/6936-Orchard-Meadow-Ct-49024/home/96126959,SW Michigan MLS,19054786,N,Y,42.2167726,-85.6026255
MLS Listing,,Condo/Co-op,3000 Essex Rd,Kalamazoo,MI,49008,219900,2,2.0,K02 - Westnedge Hill,2224,,1978,41,99,430,Active,,,http://www.redfin.com/MI/Kalamazoo/3000-Essex-Rd-49008/home/96213104,SW Michigan MLS,19054648,N,Y,42.2604525,-85.5984252
MLS Listing,,Condo/Co-op,8687 Oakland Hills Cir #3,Portage,MI,49024,324500,3,2.5,K20 - South Portage,2328,,2007,41,139,355,Active,,,http://www.redfin.com/MI/Portage/8687-Oakland-Hills-Cir-49024/unit-3/home/96261134,SW Michigan MLS,19054608,N,Y,42.190706,-85.6145954
MLS Listing,,Single Family Residential,10823 Portage Rd,Portage,MI,49002,144900,3,1.5,K20 - South Portage,1176,7841,1953,42,123,,Active,,,http://www.redfin.com/MI/Portage/10823-Portage-Rd-49002/home/96241416,SW Michigan MLS,19054503,N,Y,42.1595939,-85.5691901
MLS Listing,,Single Family Residential,4530 Long Lake Dr,Portage,MI,49002,229900,3,2.0,K20 - South Portage,1678,54014,2004,45,137,,Active,,,http://www.redfin.com/MI/Portage/4530-Long-Lake-Dr-49002/home/111975787,SW Michigan MLS,19054342,N,Y,42.1835937,-85.5353595
MLS Listing,,Single Family Residential,5422 Cypress Bay Dr,Kalamazoo,MI,49009,435000,5,3.5,K25 - Texas Township,4524,20038,2008,45,96,,Active,,,http://www.redfin.com/MI/Kalamazoo/5422-Cypress-Bay-Dr-49009/home/96327015,SW Michigan MLS,19054320,N,Y,42.2143961,-85.6559702
MLS Listing,,Single Family Residential,7838 Wildberry Ct,Portage,MI,49024,320000,5,3.5,K19 - North Portage,3135,11325,1997,45,102,,Active,,,http://www.redfin.com/MI/Portage/7838-Wildberry-Ct-49024/home/96129379,SW Michigan MLS,19054319,N,Y,42.2033167,-85.6074662
MLS Listing,,Single Family Residential,1406 Odell Farm Ln,Vicksburg,MI,49097,179900,4,2.0,K21 - Schoolcraft & Prairie Ronde Twp,2024,7840,2008,45,89,,Active,,,http://www.redfin.com/MI/Vicksburg/1406-Odell-Farm-Ln-49097/home/96120667,SW Michigan MLS,19054285,N,Y,42.1367203,-85.5576907
MLS Listing,,Single Family Residential,1720 Redstock Ave,Portage,MI,49024,207900,7,2.5,K19 - North Portage,2544,10062,1961,45,82,,Active,,,http://www.redfin.com/MI/Portage/1720-Redstock-Ave-49024/home/96192310,SW Michigan MLS,19054220,N,Y,42.209349,-85.6097358
MLS Listing,,Single Family Residential,2732 Hemlock Ave,Portage,MI,49024,219900,3,2.0,K19 - North Portage,2415,13200,1975,45,91,,Active,,,http://www.redfin.com/MI/Portage/2732-Hemlock-Ave-49024/home/96365558,SW Michigan MLS,19054182,N,Y,42.232261,-85.6223875
MLS Listing,,Single Family Residential,7689 S 10th St,Kalamazoo,MI,49009,319999,3,2.5,K25 - Texas Township,2938,66211,1987,46,109,,Active,,,http://www.redfin.com/MI/Kalamazoo/7689-S-10th-St-49009/home/111991462,SW Michigan MLS,19054114,N,Y,42.2056435,-85.666725
MLS Listing,,Single Family Residential,270 Montague Dr,Portage,MI,49024,277900,4,2.5,K20 - South Portage,3004,20473,1981,46,93,,Active,,,http://www.redfin.com/MI/Portage/270-Montague-Dr-49024/home/96678753,SW Michigan MLS,19054032,N,Y,42.1752332,-85.5913353
MLS Listing,,Single Family Residential,3683 Bellflower Dr,Portage,MI,49024,429900,5,3.0,K19 - North Portage,3836,27443,1993,47,112,,Active,,,http://www.redfin.com/MI/Portage/3683-Bellflower-Dr-49024/home/96230726,SW Michigan MLS,19053959,N,Y,42.2162788,-85.6340726
MLS Listing,,Multi-Family (2-4 Unit),370 Admiral Ave,Portage,MI,49002,310800,2,1.0,K19 - North Portage,,21000,1977,47,,,Active,,,http://www.redfin.com/MI/Portage/370-Admiral-Ave-49002/home/96844706,SW Michigan MLS,19053939,N,Y,42.2165288,-85.5861363
MLS Listing,,Single Family Residential,514 W Melody Ave,Portage,MI,49024,169900,3,1.5,K20 - South Portage,1761,11631,1967,47,96,,Active,,,http://www.redfin.com/MI/Portage/514-W-Melody-Ave-49024/home/111957332,SW Michigan MLS,19053856,N,Y,42.1934998,-85.5948311
MLS Listing,,Single Family Residential,5405 Birchwood Dr,Kalamazoo,MI,49009,349900,3,3.0,K25 - Texas Township,3350,44257,1993,48,104,5,Active,,,http://www.redfin.com/MI/Kalamazoo/5405-Birchwood-Dr-49009/home/111951129,SW Michigan MLS,19053733,N,Y,42.2286171,-85.6561106
MLS Listing,,Single Family Residential,3004 Fleetwood Dr,Portage,MI,49024,229900,4,2.0,K19 - North Portage,1812,21344,1956,49,127,,Active,,,http://www.redfin.com/MI/Portage/3004-Fleetwood-Dr-49024/home/96416712,SW Michigan MLS,19053474,N,Y,42.242137,-85.6251986
MLS Listing,,Single Family Residential,7276 Annandale Dr,Kalamazoo,MI,49009,349900,5,3.5,K25 - Texas Township,3000,14375,2016,51,117,21,Active,,,http://www.redfin.com/MI/Kalamazoo/7276-Annandale-Dr-49009/home/112029312,SW Michigan MLS,19053400,N,Y,42.211533,-85.658725
MLS Listing,,Condo/Co-op,3642 Woodcliff Dr,Kalamazoo,MI,49008,224000,4,2.5,K04 - Oakwood-Parkview,2859,,1972,52,78,494,Active,,,http://www.redfin.com/MI/Kalamazoo/3642-Woodcliff-Dr-49008/home/96375068,SW Michigan MLS,19053330,N,Y,42.2555373,-85.6337043
MLS Listing,,Single Family Residential,1130 Trillium Blvd,Vicksburg,MI,49097,199900,4,2.5,K21 - Schoolcraft & Prairie Ronde Twp,1822,12327,2019,52,110,,Active,,,http://www.redfin.com/MI/Vicksburg/1130-Trillium-Blvd-49097/home/96810009,SW Michigan MLS,19053181,N,Y,42.1316585,-85.5518758
MLS Listing,,Single Family Residential,7486 Jamaica Ln,Portage,MI,49002,314900,3,2.0,K19 - North Portage,1762,20473,,53,179,,Active,,,http://www.redfin.com/MI/Portage/7486-Jamaica-Ln-49002/home/96776878,SW Michigan MLS,19053087,N,Y,42.2101889,-85.5338524
MLS Listing,,Single Family Residential,5860 W R Ave,Schoolcraft,MI,49087,929000,4,3.5,K25 - Texas Township,4439,971388,1997,53,209,,Active,,,http://www.redfin.com/MI/Schoolcraft/5860-W-R-Ave-49087/home/96354560,SW Michigan MLS,19053019,N,Y,42.1886012,-85.6642088
MLS Listing,,Condo/Co-op,722 W Kilgore Rd #301,Kalamazoo,MI,49008,64907,2,1.0,K03 - Westnedge-Whites Rd,875,,1967,53,74,225,Active,,,http://www.redfin.com/MI/Kalamazoo/722-W-Kilgore-Rd-49008/unit-301/home/112029108,SW Michigan MLS,19053011,N,Y,42.2459453,-85.5929082
MLS Listing,,Single Family Residential,1901 Katie Ct,Portage,MI,49024,279900,4,3.0,K20 - South Portage,2654,175982,1974,53,105,,Active,,,http://www.redfin.com/MI/Portage/1901-Katie-Ct-49024/home/112029191,SW Michigan MLS,19052990,N,Y,42.1877615,-85.6118647
MLS Listing,,Vacant Land,5547 E O Ave,Kalamazoo,MI,49048,499900,,,K16 - Pavillion & Climax Tw,,3314916,,54,,,Active,,,http://www.redfin.com/MI/Kalamazoo/5547-E-O-Ave-49048/home/169604898,SW Michigan MLS,19052906,N,Y,42.2339815,-85.518358
MLS Listing,,Single Family Residential,5122 Misty Creek Dr,Kalamazoo,MI,49009,349900,4,2.5,K25 - Texas Township,2487,16553,2008,54,141,,Active,,,http://www.redfin.com/MI/Kalamazoo/5122-Misty-Creek-Dr-49009/home/96164077,SW Michigan MLS,19052765,N,Y,42.2432832,-85.6508328
MLS Listing,,Single Family Residential,313 Fairview Ave,Kalamazoo,MI,49001,159900,4,2.0,K02 - Westnedge Hill,1320,6713,1948,54,121,,Active,,,http://www.redfin.com/MI/Kalamazoo/313-Fairview-Ave-49001/home/96318767,SW Michigan MLS,19052759,N,Y,42.2631341,-85.586146
MLS Listing,,Single Family Residential,2830 Tattersall Rd,Portage,MI,49024,214609,4,2.0,K19 - North Portage,2032,12632,1967,56,106,,Active,,,http://www.redfin.com/MI/Portage/2830-Tattersall-Rd-49024/home/96454727,SW Michigan MLS,19052515,N,Y,42.2227839,-85.623532
MLS Listing,,Single Family Residential,703 Lynn Ave,Kalamazoo,MI,49008,125000,3,2.0,K03 - Westnedge-Whites Rd,1267,8146,1952,56,99,,Active,,,http://www.redfin.com/MI/Kalamazoo/703-Lynn-Ave-49008/home/111989930,SW Michigan MLS,19052489,N,Y,42.2557664,-85.5921895
MLS Listing,,Condo/Co-op,2315 Hollow Creek Trl,Portage,MI,49024,589900,3,3.5,K20 - South Portage,3103,4800,2015,56,190,355,Active,,,http://www.redfin.com/MI/Portage/2315-Hollow-Creek-Trl-49024/home/112028842,SW Michigan MLS,19052463,N,Y,42.186898,-85.61618
MLS Listing,,Single Family Residential,7114 Winter Forest Dr,Portage,MI,49024,202900,4,2.0,K19 - North Portage,2007,12153,1964,57,101,,Active,,,http://www.redfin.com/MI/Portage/7114-Winter-Forest-Dr-49024/home/96639449,SW Michigan MLS,19052386,N,Y,42.21373,-85.6025451
MLS Listing,,Single Family Residential,5133 Chickadee Dr,Kalamazoo,MI,49009,400000,4,3.0,K25 - Texas Township,3332,18426,1979,59,120,,Active,,,http://www.redfin.com/MI/Kalamazoo/5133-Chickadee-Dr-49009/home/83643383,SW Michigan MLS,19052313,N,Y,42.1958888,-85.651495
MLS Listing,,Single Family Residential,315 Magellan Ct,Portage,MI,49002,269900,4,2.5,K20 - South Portage,3012,19515,1989,59,90,,Active,,,http://www.redfin.com/MI/Portage/315-Magellan-Ct-49002/home/96168229,SW Michigan MLS,19052304,N,Y,42.1762818,-85.5865534
MLS Listing,,Single Family Residential,1745 Greenbriar Dr,Portage,MI,49024,235000,4,2.5,K19 - North Portage,2913,14375,1976,59,81,,Active,,,http://www.redfin.com/MI/Portage/1745-Greenbriar-Dr-49024/home/96419702,SW Michigan MLS,19052217,N,Y,42.2394637,-85.6119286
MLS Listing,,Single Family Residential,4339 Sunset Dr,Kalamazoo,MI,49008,285000,4,3.0,K03 - Westnedge-Whites Rd,2259,11804,1954,59,126,,Active,,,http://www.redfin.com/MI/Kalamazoo/4339-Sunset-Dr-49008/home/96228728,SW Michigan MLS,19052210,N,Y,42.2470676,-85.6067702
MLS Listing,,Single Family Residential,4214 Tiffany Ave,Portage,MI,49002,158900,3,1.5,K19 - North Portage,1372,13591,1965,60,116,,Active,,,http://www.redfin.com/MI/Portage/4214-Tiffany-Ave-49002/home/96363251,SW Michigan MLS,19052003,N,Y,42.2073045,-85.5386702
MLS Listing,,Condo/Co-op,10424 Hammock Cir,Portage,MI,49024,224900,2,2.0,K20 - South Portage,1210,5400,2019,60,186,165,Active,,,http://www.redfin.com/MI/Portage/Hammock-Cir-49024/home/112029292,SW Michigan MLS,19051966,N,Y,42.165411,-85.61681
MLS Listing,,Single Family Residential,5226 Windyridge Dr,Portage,MI,49002,225000,4,2.5,K19 - North Portage,2333,14810,1956,61,96,,Active,,,http://www.redfin.com/MI/Portage/5226-Windyridge-Dr-49002/home/96355466,SW Michigan MLS,19051732,N,Y,42.2415307,-85.5827155
MLS Listing,,Single Family Residential,5694 Briarhill Ct,Portage,MI,49024,249900,4,3.5,K19 - North Portage,2544,9583,2003,62,98,,Active,,,http://www.redfin.com/MI/Portage/5694-Briarhill-Ct-49024/home/96136727,SW Michigan MLS,19051687,N,Y,42.2346384,-85.641271
MLS Listing,,Condo/Co-op,8664 Oakland Hills Cir,Portage,MI,49024,360000,2,2.0,K20 - South Portage,2030,,2008,62,177,355,Active,,,http://www.redfin.com/MI/Portage/8664-Oakland-Hills-Cir-49024/home/111943766,SW Michigan MLS,19051583,N,Y,42.1912591,-85.6150146
MLS Listing,,Single Family Residential,7381 Morganshire Ct,Kalamazoo,MI,49009,599900,5,4.5,K25 - Texas Township,4474,30524,2014,62,134,150,Active,,,http://www.redfin.com/MI/Kalamazoo/7381-Morganshire-Ct-49009/home/96117059,SW Michigan MLS,19051562,N,Y,42.2100579,-85.6740876
MLS Listing,,Single Family Residential,7923 Interlochen St,Kalamazoo,MI,49009,475000,5,3.5,K25 - Texas Township,4350,25700,2009,62,109,2,Active,,,http://www.redfin.com/MI/Kalamazoo/7923-Interlochen-St-49009/home/96295042,SW Michigan MLS,19051534,N,Y,42.2020805,-85.6948057
MLS Listing,,Single Family Residential,11833 Blue Ridge Dr,Schoolcraft,MI,49087,239000,3,2.5,K21 - Schoolcraft & Prairie Ronde Twp,1920,19820,2000,63,124,,Active,,,http://www.redfin.com/MI/Schoolcraft/11833-Blue-Ridge-Dr-49087/home/111974620,SW Michigan MLS,19051509,N,Y,42.145717,-85.6171665
MLS Listing,,Single Family Residential,5790 Paxton Ct,Portage,MI,49024,284900,4,2.5,K19 - North Portage,2075,11156,2019,63,137,18,Active,,,http://www.redfin.com/MI/Portage/Unknown-49024/home/169996545,SW Michigan MLS,19051406,N,Y,42.233347,-85.631753
MLS Listing,,Single Family Residential,5760 Paxton Ct,Portage,MI,49024,309900,4,2.5,K19 - North Portage,2393,14597,2019,63,130,18,Active,,,http://www.redfin.com/MI/Portage/Unknown-49024/home/169996542,SW Michigan MLS,19051390,N,Y,42.233511,-85.632395
MLS Listing,,Single Family Residential,6273 Redfern Cir,Portage,MI,49024,319900,4,3.5,K19 - North Portage,3947,25962,1988,64,81,,Active,,,http://www.redfin.com/MI/Portage/6273-Redfern-Cir-49024/home/111945392,SW Michigan MLS,19051341,N,Y,42.2263116,-85.6318241
MLS Listing,,Single Family Residential,6253 E T Ave,Vicksburg,MI,49097,199900,3,1.0,K16 - Pavillion & Climax Tw,1752,436907,1977,65,114,,Active,,,http://www.redfin.com/MI/Vicksburg/6253-E-T-Ave-49097/home/111974594,SW Michigan MLS,19051294,N,Y,42.1593766,-85.5050865
MLS Listing,,Single Family Residential,1131 Odell Farm Ln,Vicksburg,MI,49097,179000,4,2.5,K21 - Schoolcraft & Prairie Ronde Twp,1820,7380,2012,65,98,110,Active,,,http://www.redfin.com/MI/Vicksburg/1131-Odell-Farm-Ln-49097/home/96674030,SW Michigan MLS,19051277,N,Y,42.1362036,-85.5539384
MLS Listing,,Vacant Land,9077 E Op Ave,Scotts,MI,49088,59900,,,K16 - Pavillion & Climax Tw,,215622,,66,,,Active,,,http://www.redfin.com/MI/Scotts/9077-E-Op-Ave-49088/home/143926661,SW Michigan MLS,19051197,N,Y,42.220149,-85.44846
MLS Listing,,Single Family Residential,4694 Nash Ave,Portage,MI,49002,465000,4,2.5,K20 - South Portage,1880,1432253,1995,67,247,,Active,,,http://www.redfin.com/MI/Portage/4694-Nash-Ave-49002/home/96331395,SW Michigan MLS,19051027,N,Y,42.1718766,-85.535014
MLS Listing,,Single Family Residential,1710 Burr Pond Ln,Vicksburg,MI,49097,179900,3,2.0,K21 - Schoolcraft & Prairie Ronde Twp,1735,7633,2019,67,104,8,Active,,,http://www.redfin.com/MI/Vicksburg/1710-Gardner-Pond-Ln-49097/home/169449590,SW Michigan MLS,19050945,N,Y,42.142309,-85.554883
MLS Listing,,Single Family Residential,7158 Hopkinton Dr,Kalamazoo,MI,49009,364900,4,2.5,K25 - Texas Township,3070,14559,2019,68,119,17,Active,,,http://www.redfin.com/MI/Texas-Charter-Township/Hopkinton-Dr-49009/home/169995725,SW Michigan MLS,19050714,N,Y,42.213341,-85.667435
MLS Listing,,Single Family Residential,215 Barberry Ave,Portage,MI,49002,199900,4,1.5,K20 - South Portage,2016,12632,1963,69,99,,Active,,,http://www.redfin.com/MI/Portage/215-Barberry-Ave-49002/home/96267517,SW Michigan MLS,19050578,N,Y,42.1926033,-85.5875179
MLS Listing,,Single Family Residential,4000 Hollow Wood Dr,Portage,MI,49024,547900,4,3.5,K19 - North Portage,3422,32282,2019,69,160,50,Active,,,http://www.redfin.com/MI/Portage/4000-Hollow-Wood-Dr-49024/home/111949264,SW Michigan MLS,19050569,N,Y,42.2241297,-85.6379019
MLS Listing,,Condo/Co-op,7826 Derby Ct,Kalamazoo,MI,49009,349900,2,2.0,K25 - Texas Township,2032,,2005,69,172,303,Active,,,http://www.redfin.com/MI/Kalamazoo/7826-Derby-Ct-49009/home/96394461,SW Michigan MLS,19050561,N,Y,42.2035929,-85.6756322
MLS Listing,,Single Family Residential,719 W Milham Ave,Portage,MI,49024,134900,3,1.5,K19 - North Portage,1222,7930,1959,69,110,,Active,,,http://www.redfin.com/MI/Portage/719-W-Milham-Ave-49024/home/96136104,SW Michigan MLS,19050473,N,Y,42.2298478,-85.5974829
MLS Listing,,Vacant Land,5210 S 11th St,Kalamazoo,MI,49009,4800000,,,K25 - Texas Township,,2090880,,69,,,Active,,,http://www.redfin.com/MI/Kalamazoo/5210-S-11th-St-49009/home/96759234,SW Michigan MLS,19050463,N,Y,42.2429736,-85.6585805
MLS Listing,,Single Family Residential,5775 Paxton Ct,Portage,MI,49024,277900,4,2.5,K19 - North Portage,1870,10502,2019,69,149,18,Active,,,http://www.redfin.com/MI/Portage/Unknown-49024/home/169996547,SW Michigan MLS,19050459,N,Y,42.233805,-85.630877
MLS Listing,,Single Family Residential,11192 S 8th St,Schoolcraft,MI,49087,449900,3,4.0,K21 - Schoolcraft & Prairie Ronde Twp,2690,1123848,1978,70,167,,Active,,,http://www.redfin.com/MI/Schoolcraft/11192-S-8th-St-49087/home/96253807,SW Michigan MLS,19050379,N,Y,42.152394,-85.6877668
MLS Listing,,Single Family Residential,5710 Blue Jay Dr,Kalamazoo,MI,49009,489990,4,2.5,K25 - Texas Township,3070,25529,2019,70,160,,Active,,,http://www.redfin.com/MI/Kalamazoo/5710-Blue-Jay-Dr-49009/home/111990046,SW Michigan MLS,19050289,N,Y,42.197086,-85.661751
MLS Listing,,Single Family Residential,832 Parker Ave,Kalamazoo,MI,49008,127900,4,2.5,K03 - Westnedge-Whites Rd,1876,11587,1930,70,68,,Active,,,http://www.redfin.com/MI/Kalamazoo/832-Parker-Ave-49008/home/96166235,SW Michigan MLS,19050291,N,Y,42.2544273,-85.5956347
MLS Listing,,Single Family Residential,1525 Royal Oak Ave,Portage,MI,49024,204900,3,2.5,K19 - North Portage,1997,12632,1965,71,103,,Active,,,http://www.redfin.com/MI/Portage/1525-Royal-Oak-Ave-49024/home/96323879,SW Michigan MLS,19050214,N,Y,42.20487,-85.6073256
MLS Listing,,Single Family Residential,8141 Land O Lakes Dr,Kalamazoo,MI,49048,214900,4,1.5,K16 - Pavillion & Climax Tw,2258,78103,1974,73,95,,Active,,,http://www.redfin.com/MI/Kalamazoo/8141-Land-O-Lakes-Dr-49048/home/111960972,SW Michigan MLS,19050100,N,Y,42.1990495,-85.5287545
MLS Listing,,Single Family Residential,6108 Arrowhead Dr,Scotts,MI,49088,209900,4,2.0,K16 - Pavillion & Climax Tw,2438,13200,1980,73,86,,Active,,,http://www.redfin.com/MI/Scotts/6108-Arrowhead-Dr-49088/home/96278357,SW Michigan MLS,19050101,N,Y,42.185404,-85.508678
MLS Listing,,Single Family Residential,1393 E Crooked Lake Dr,Kalamazoo,MI,49009,385000,3,2.0,K25 - Texas Township,2128,5227,1984,73,181,,Active,,,http://www.redfin.com/MI/Kalamazoo/1393-E-Crooked-Lake-Dr-49009/home/111975996,SW Michigan MLS,19050067,N,Y,42.2051937,-85.6993172
MLS Listing,,Single Family Residential,5250 Queen Victoria Ln,Kalamazoo,MI,49009,458000,5,4.5,K25 - Texas Township,4400,24394,2005,73,104,,Active,,,http://www.redfin.com/MI/Kalamazoo/5250-Queen-Victoria-Ln-49009/home/96159545,SW Michigan MLS,19050066,N,Y,42.2198334,-85.653241
MLS Listing,,Condo/Co-op,606 Lynn Ave Unit 9,Kalamazoo,MI,49008,64900,2,1.0,K03 - Westnedge-Whites Rd,1017,,1967,73,64,215,Active,,,http://www.redfin.com/MI/Kalamazoo/606-Lynn-Ave-49008/unit-9/home/111974763,SW Michigan MLS,19050052,N,Y,42.2562357,-85.5909334
MLS Listing,,Single Family Residential,4200 W U Ave,Schoolcraft,MI,49087,350000,5,4.5,K21 - Schoolcraft & Prairie Ronde Twp,3988,62291,1968,74,88,,Active,,,http://www.redfin.com/MI/Schoolcraft/4200-W-U-Ave-49087/home/107327124,SW Michigan MLS,19049894,N,Y,42.1433978,-85.6410202
MLS Listing,,Single Family Residential,1511 Ives Mill Ln,Vicksburg,MI,49097,180000,4,2.5,K21 - Schoolcraft & Prairie Ronde Twp,1870,6970,2013,74,96,,Active,,,http://www.redfin.com/MI/Vicksburg/1511-Ives-Mill-Ln-49097/home/96191694,SW Michigan MLS,19049756,N,Y,42.1369641,-85.5537916
MLS Listing,,Single Family Residential,2314 Amherst Ave,Kalamazoo,MI,49008,100000,3,1.0,K04 - Oakwood-Parkview,1267,7841,1922,74,79,,Active,,,http://www.redfin.com/MI/Kalamazoo/2314-Amherst-Ave-49008/home/111943594,SW Michigan MLS,19049755,N,Y,42.2577978,-85.6177002
MLS Listing,,Single Family Residential,5379 Misty Creek Dr,Kalamazoo,MI,49009,279500,4,2.5,K25 - Texas Township,2528,17366,2005,74,111,,Active,,,http://www.redfin.com/MI/Kalamazoo/5379-Misty-Creek-Dr-49009/home/96136428,SW Michigan MLS,19049699,N,Y,42.2422917,-85.655629
MLS Listing,,Single Family Residential,4220 Gray St,Portage,MI,49002,189900,4,3.0,K20 - South Portage,2293,13068,1980,75,83,,Active,,,http://www.redfin.com/MI/Portage/4220-Gray-St-49002/home/96242114,SW Michigan MLS,19049642,N,Y,42.1897441,-85.5383886
MLS Listing,,Single Family Residential,1652 Ives Mill Ln,Vicksburg,MI,49097,199900,4,2.5,K21 - Schoolcraft & Prairie Ronde Twp,2022,7327,2019,75,99,8,Active,,,http://www.redfin.com/MI/Vicksburg/1652-Ives-Mill-Ln-49097/home/169367339,SW Michigan MLS,19049524,N,Y,42.1404103,-85.5543853
MLS Listing,,Single Family Residential,6504 Hampton St,Portage,MI,49024,219000,4,1.5,K19 - North Portage,2228,8470,1967,76,98,,Active,,,http://www.redfin.com/MI/Portage/6504-Hampton-St-49024/home/96388858,SW Michigan MLS,19049378,N,Y,42.2227322,-85.6105794
MLS Listing,,Condo/Co-op,7655 Blackmar Cir,Portage,MI,49024,145000,2,2.0,K19 - North Portage,1132,,1983,76,128,328,Active,,,http://www.redfin.com/MI/Portage/7655-Blackmar-Cir-49024/home/96261158,SW Michigan MLS,19049264,N,Y,42.2061564,-85.6341864
MLS Listing,,Single Family Residential,4442 Bronson Blvd,Kalamazoo,MI,49008,499900,6,4.0,K03 - Westnedge-Whites Rd,5717,38246,1950,76,87,,Active,,,http://www.redfin.com/MI/Kalamazoo/4442-Bronson-Blvd-49008/home/96288228,SW Michigan MLS,19049187,N,Y,42.2455131,-85.6023242
MLS Listing,,Vacant Land,8607 E Op Ave,Kalamazoo,MI,49048,11000,,,K16 - Pavillion & Climax Tw,,34848,,77,,,Active,,,http://www.redfin.com/MI/Kalamazoo/8607-E-O-P-Ave-49048/home/111970715,SW Michigan MLS,19049175,N,Y,42.219717,-85.4606134
MLS Listing,,Single Family Residential,7398 Oak Shore Dr,Portage,MI,49024,725000,4,3.5,K19 - North Portage,5326,24959,1989,79,136,140,Active,,,http://www.redfin.com/MI/Portage/7398-Oak-Shore-Dr-49024/home/96207240,SW Michigan MLS,19048926,N,Y,42.2097814,-85.6362406
MLS Listing,,Single Family Residential,7988 Greenfield Shores Dr,Scotts,MI,49088,399900,2,2.5,K16 - Pavillion & Climax Tw,1635,18731,1971,79,245,,Active,,,http://www.redfin.com/MI/Scotts/7988-Greenfield-Shrs-49088/home/111975070,SW Michigan MLS,19048916,N,Y,42.20098,-85.509077
MLS Listing,,Vacant Land,3311 3315 Knox St,Kalamazoo,MI,49008,19900,,,K04 - Oakwood-Parkview,,6142,,79,,,Active,,,http://www.redfin.com/MI/Kalamazoo/3315-Knox-St-49008/home/111960815,SW Michigan MLS,19048911,N,Y,42.2590151,-85.6267647
MLS Listing,,Single Family Residential,3403 Knox St,Kalamazoo,MI,49008,129900,4,2.0,K04 - Oakwood-Parkview,1934,12320,1935,79,67,,Active,,,http://www.redfin.com/MI/Kalamazoo/3403-Knox-St-49008/home/96198890,SW Michigan MLS,19048903,N,Y,42.2584122,-85.6267346
MLS Listing,,Vacant Land,3930 S 9th St,Kalamazoo,MI,49009,309000,,,K22 - Oshtemo Twp,,119790,,80,,,Active,,,http://www.redfin.com/MI/Kalamazoo/3930-S-9th-St-49009/home/144320558,SW Michigan MLS,19048800,N,Y,42.2548812,-85.677584
MLS Listing,,Condo/Co-op,800 Janelle Ct,Portage,MI,49024,354900,2,2.0,K20 - South Portage,2724,,2019,80,130,275,Active,,,http://www.redfin.com/MI/Portage/800-Janelle-CT-49024/home/169286285,SW Michigan MLS,19048794,N,Y,42.160143,-85.597623
MLS Listing,,Condo/Co-op,10631 Gracie Ln,Portage,MI,49024,300000,2,2.0,K20 - South Portage,1304,,2019,80,230,,Active,,,http://www.redfin.com/MI/Portage/Unknown-49024/home/145725019,SW Michigan MLS,19048793,N,Y,42.161993,-85.597622
MLS Listing,,Single Family Residential,7634 Hampton Oaks Dr,Portage,MI,49024,199900,4,2.0,K19 - North Portage,2208,10019,1967,80,91,,Active,,,http://www.redfin.com/MI/Portage/7634-Hampton-Oaks-Dr-49024/home/96375297,SW Michigan MLS,19048792,N,Y,42.2058923,-85.6038709
MLS Listing,,Condo/Co-op,10621 Gracie Ln,Portage,MI,49024,349000,2,2.0,K20 - South Portage,1552,,2019,80,225,275,Active,,,http://www.redfin.com/MI/Portage/Unknown-49024/home/145725017,SW Michigan MLS,19048786,N,Y,42.162436,-85.599279
MLS Listing,,Single Family Residential,5144 Brennerton Dr,Portage,MI,49002,211900,3,2.5,K19 - North Portage,2508,12300,1958,80,84,,Active,,,http://www.redfin.com/MI/Portage/5144-Brennerton-Dr-49002/home/96489247,SW Michigan MLS,19048656,N,Y,42.2423013,-85.5822533
MLS Listing,,Single Family Residential,7747 Drake Rdg,Kalamazoo,MI,49009,395000,4,2.5,K25 - Texas Township,2993,19600,2016,81,132,,Active,,,http://www.redfin.com/MI/Kalamazoo/7747-Drake-Rdg-49009/home/96803403,SW Michigan MLS,19048599,N,Y,42.2046915,-85.6931012
MLS Listing,,Vacant Land,5579 S Red Pine Cir,Kalamazoo,MI,49009,115000,,,K25 - Texas Township,,29046,,81,,237,Active,,,http://www.redfin.com/MI/Kalamazoo/5579-S-Red-Pine-Cir-49009/home/96770751,SW Michigan MLS,19048509,N,Y,42.1981224,-85.6595742
MLS Listing,,Single Family Residential,1743 Grovenberg Ct,Vicksburg,MI,49097,189000,3,2.5,K21 - Schoolcraft & Prairie Ronde Twp,2300,7022,2012,81,82,,Active,,,http://www.redfin.com/MI/Vicksburg/1743-Grovenberg-Ct-49097/home/96227938,SW Michigan MLS,19048456,N,Y,42.142417,-85.5503333
MLS Listing,,Single Family Residential,3803 Blackberry Ln,Kalamazoo,MI,49008,314900,3,2.0,K04 - Oakwood-Parkview,2510,17424,1976,82,125,56,Active,,,http://www.redfin.com/MI/Kalamazoo/3803-Blackberry-Ln-49008/home/96140993,SW Michigan MLS,19048272,N,Y,42.2495355,-85.6367224
MLS Listing,,Vacant Land,4485 Branch Ave,Portage,MI,49002,50000,,,K20 - South Portage,,130680,,82,,,Active,,,http://www.redfin.com/MI/Portage/4485-Branch-Ave-49002/home/111962285,SW Michigan MLS,19048231,N,Y,42.1804516,-85.5355352
MLS Listing,,Single Family Residential,7357 Roslindale Trl,Kalamazoo,MI,49009,299900,4,2.5,K25 - Texas Township,2393,14626,2019,82,125,17,Active,,,http://www.redfin.com/MI/Texas-Charter-Township/Roslindale-Trl-49009/home/145724821,SW Michigan MLS,19048230,N,Y,42.210327,-85.661609
MLS Listing,,Single Family Residential,7439 Brindle Trl,Kalamazoo,MI,49009,270000,3,2.5,K25 - Texas Township,2597,10890,2009,82,104,74,Active,,,http://www.redfin.com/MI/Kalamazoo/7439-Brindle-Trl-49009/home/96413578,SW Michigan MLS,19048192,N,Y,42.2090516,-85.6713794
MLS Listing,,Single Family Residential,4415 E Milham Ave,Portage,MI,49002,156900,4,1.5,K19 - North Portage,2364,13068,1895,84,66,,Active,,,http://www.redfin.com/MI/Portage/4415-E-Milham-Ave-49002/home/96438816,SW Michigan MLS,19047880,N,Y,42.23056,-85.536081
MLS Listing,,Single Family Residential,1747 Grovenberg Ct,Vicksburg,MI,49097,159900,3,2.0,K21 - Schoolcraft & Prairie Ronde Twp,1408,6534,2012,84,114,50,Active,,,http://www.redfin.com/MI/Vicksburg/1747-Grovenberg-Ct-49097/home/96535959,SW Michigan MLS,19047764,N,Y,42.1425695,-85.5502931
MLS Listing,,Single Family Residential,11769 S 23rd St,Vicksburg,MI,49097,345000,3,2.0,K21 - Schoolcraft & Prairie Ronde Twp,2524,514008,1845,85,137,,Active,,,http://www.redfin.com/MI/Vicksburg/11769-S-23rd-St-49097/home/111948131,SW Michigan MLS,19047690,N,Y,42.146536,-85.536796
MLS Listing,,Single Family Residential,8165 Black Forest Dr,Portage,MI,49002,224900,4,3.0,K20 - South Portage,2258,10890,1998,87,100,,Active,,,http://www.redfin.com/MI/Portage/8165-Black-Forest-Dr-49002/home/96397392,SW Michigan MLS,19047547,N,Y,42.1987559,-85.5370412
MLS Listing,,Vacant Land,0 S 8th St,Schoolcraft,MI,49087,99900,,,K21 - Schoolcraft & Prairie Ronde Twp,,263974,,87,,,Active,,,http://www.redfin.com/MI/Schoolcraft/S-8th-St-49087/home/96788419,SW Michigan MLS,19047447,N,Y,42.153579,-85.689249
MLS Listing,,Vacant Land,9030 S 8th St,Schoolcraft,MI,49087,45000,,,K25 - Texas Township,,69562,,88,,50,Active,,,http://www.redfin.com/MI/Schoolcraft/9030-S-8th-St-49087/home/147919996,SW Michigan MLS,19047228,N,Y,42.185869,-85.687575
MLS Listing,,Vacant Land,9176 S 8th St,Schoolcraft,MI,49087,87500,,,K25 - Texas Township,,222224,,88,,50,Active,,,http://www.redfin.com/MI/Schoolcraft/9176-S-8th-St-49087/home/148725691,SW Michigan MLS,19047220,N,Y,42.184297,-85.687575
MLS Listing,,Single Family Residential,9078 S 8th St,Schoolcraft,MI,49087,499900,4,2.5,K25 - Texas Township,2458,61040,2019,88,203,50,Active,,,http://www.redfin.com/MI/Schoolcraft/9078-S-8th-ST-49087/home/169209625,SW Michigan MLS,19047213,N,Y,42.18539,-85.687578
MLS Listing,,Single Family Residential,10203 S 28th St,Scotts,MI,49088,99900,2,1.0,K16 - Pavillion & Climax Tw,1080,9088,1960,89,93,,Active,,,http://www.redfin.com/MI/Scotts/10203-S-28th-St-49088/home/96434719,SW Michigan MLS,19047018,N,Y,42.1705649,-85.4912111
MLS Listing,,Single Family Residential,7793 E O Ave,Kalamazoo,MI,49048,209900,4,2.0,K16 - Pavillion & Climax Tw,2266,58806,1970,89,93,,Active,,,http://www.redfin.com/MI/Kalamazoo/7793-E-O-Ave-49048/home/111966817,SW Michigan MLS,19046894,N,Y,42.2343466,-85.4766521
MLS Listing,,Single Family Residential,7137 Breton Woods Ct,Kalamazoo,MI,49009,750000,4,4.0,K25 - Texas Township,6372,33541,2013,90,118,150,Active,,,http://www.redfin.com/MI/Kalamazoo/7137-Breton-Woods-Ct-49009/home/96190061,SW Michigan MLS,19046704,N,Y,42.2132695,-85.6684303
MLS Listing,,Vacant Land,4030 Hollow Wood Dr,Portage,MI,49024,75000,,,K19 - North Portage,,24676,,90,,50,Active,,,http://www.redfin.com/MI/Portage/4030-Hollow-Wood-Dr-49024/home/111956866,SW Michigan MLS,19046694,N,Y,42.2231722,-85.6375666
MLS Listing,,Vacant Land,6225 Mcgillicuddy Ln,Portage,MI,49024,50000,,,K19 - North Portage,,13700,,90,,50,Active,,,http://www.redfin.com/MI/Portage/6225-Mcgillicuddy-Ln-49024/home/111985189,SW Michigan MLS,19046683,N,Y,42.2272165,-85.6355557
MLS Listing,,Single Family Residential,10487 E Q Ave,Scotts,MI,49088,69900,1,1.0,K16 - Pavillion & Climax Tw,487,87120,1920,91,144,,Active,,,http://www.redfin.com/MI/Scotts/10487-E-Q-Ave-49088/home/96716467,SW Michigan MLS,19046634,N,Y,42.2019413,-85.4230987
MLS Listing,,Single Family Residential,5284 Green Pine Ln,Kalamazoo,MI,49009,739000,6,4.5,K25 - Texas Township,5451,30928,1995,94,136,,Active,,,http://www.redfin.com/MI/Kalamazoo/5284-Green-Pine-Ln-49009/home/96140666,SW Michigan MLS,19046234,N,Y,42.1932918,-85.6535621
MLS Listing,,Condo/Co-op,8219 Thimbleweed Trl,Kalamazoo,MI,49009,397000,2,2.0,K25 - Texas Township,1624,6521,2019,94,244,283,Active,,,http://www.redfin.com/MI/Kalamazoo/8219-Thimbleweed-Trl-49009/home/143128574,SW Michigan MLS,19046178,N,Y,42.198057,-85.69226
MLS Listing,,Single Family Residential,2278 Preserve Blvd,Portage,MI,49024,890000,4,3.5,K19 - North Portage,5826,66777,1996,95,153,,Active,,,http://www.redfin.com/MI/Portage/2278-Preserve-Blvd-49024/home/111973087,SW Michigan MLS,19045872,N,Y,42.2420387,-85.616062
MLS Listing,,Single Family Residential,5770 Paxton Ct,Portage,MI,49024,289900,4,3.5,K19 - North Portage,1824,11724,2019,96,159,18,Active,,,http://www.redfin.com/MI/Portage/Unknown-49024/home/169996543,SW Michigan MLS,19045638,N,Y,42.232677,-85.633434
MLS Listing,,Condo/Co-op,1008 Cohasset Ln,Kalamazoo,MI,49008,199900,2,2.5,K02 - Westnedge Hill,2958,,1978,98,68,353,Active,,,http://www.redfin.com/MI/Kalamazoo/1008-Cohasset-Ln-49008/home/96612807,SW Michigan MLS,19045241,N,Y,42.260949,-85.5973549
MLS Listing,,Condo/Co-op,8215 Flat Rock Rdg,Portage,MI,49024,474900,3,3.0,K20 - South Portage,2559,,2019,101,186,275,Active,,,http://www.redfin.com/MI/Portage/8215-Flat-Rock-Rdg-49024/home/145725006,SW Michigan MLS,19044951,N,Y,42.1978026,-85.6178297
MLS Listing,,Single Family Residential,1686 Burr Pond Ln,Vicksburg,MI,49097,187900,3,2.0,K21 - Schoolcraft & Prairie Ronde Twp,2060,7378,2019,101,91,8,Active,,,http://www.redfin.com/MI/Vicksburg/1686-Gardner-Pond-Ln-49097/home/169053357,SW Michigan MLS,19044898,N,Y,42.140544,-85.554765
MLS Listing,,Vacant Land,S 30th St,Kalamazoo,MI,49048,240000,,,K16 - Pavillion & Climax Tw,,2130084,,102,,,Active,,,http://www.redfin.com/MI/Kalamazoo/S-30th-St-49048/home/111979530,SW Michigan MLS,19044646,N,Y,42.229,-85.464286
MLS Listing,,Single Family Residential,494 Anchor Ln,Portage,MI,49002,328900,4,3.5,K20 - South Portage,3568,19602,1996,102,92,,Active,,,http://www.redfin.com/MI/Portage/494-Anchor-Ln-49002/home/111994226,SW Michigan MLS,19044568,N,Y,42.176642,-85.5844034
MLS Listing,,Condo/Co-op,2181 Hollow Creek Trl,Portage,MI,49024,539900,3,3.0,K20 - South Portage,3114,,2019,105,173,355,Active,,,http://www.redfin.com/MI/Portage/2181-Hollow-Creek-Trl-49024/home/112029250,SW Michigan MLS,19043944,N,Y,42.1874544,-85.6144433
MLS Listing,,Condo/Co-op,734 W Kilgore Rd #305,Kalamazoo,MI,49008,74000,2,1.0,K03 - Westnedge-Whites Rd,875,,1967,105,85,250,Active,,,http://www.redfin.com/MI/Kalamazoo/734-W-Kilgore-Rd-49008/unit-305/home/105423028,SW Michigan MLS,19043942,N,Y,42.2460933,-85.5932522
MLS Listing,,Single Family Residential,721 Karendale Ave,Portage,MI,49002,159900,3,2.0,K20 - South Portage,1996,30710,1959,106,80,,Active,,,http://www.redfin.com/MI/Portage/721-Karendale-Ave-49002/home/96361924,SW Michigan MLS,19043827,N,Y,42.1700756,-85.5803644
MLS Listing,,Condo/Co-op,4867 Foxfire Trl,Portage,MI,49024,129900,3,1.5,K19 - North Portage,1078,,1981,108,121,276,Active,,,http://www.redfin.com/MI/Portage/4867-Foxfire-Trl-49024/home/96154199,SW Michigan MLS,19043509,N,Y,42.2440748,-85.6477919
MLS Listing,,Single Family Residential,10661 Sudan St,Portage,MI,49002,695613,3,3.0,K20 - South Portage,3392,25346,1960,108,205,,Active,,,http://www.redfin.com/MI/Portage/10661-Sudan-St-49002/home/111991608,SW Michigan MLS,19043500,N,Y,42.1618722,-85.5778309
MLS Listing,,Single Family Residential,9156 S 8th St,Schoolcraft,MI,49087,599900,5,3.5,K25 - Texas Township,3379,61040,2019,109,178,50,Active,,,http://www.redfin.com/MI/Schoolcraft/9156-S-8th-St-49087/home/160421425,SW Michigan MLS,19043318,N,Y,42.184547,-85.687577
MLS Listing,,Condo/Co-op,748 W Kilgore Rd Unit 205,Kalamazoo,MI,49008,87900,2,1.0,K03 - Westnedge-Whites Rd,875,69696,1967,110,100,250,Active,,,http://www.redfin.com/MI/Kalamazoo/748-W-Kilgore-Rd-49008/unit-205/home/96413232,SW Michigan MLS,19042947,N,Y,42.2455331,-85.5937669
MLS Listing,,Single Family Residential,576 E Osterhout Ave,Portage,MI,49002,415000,4,3.0,K20 - South Portage,3651,220414,1990,112,114,,Active,,,http://www.redfin.com/MI/Portage/576-E-Osterhout-Ave-49002/home/96296348,SW Michigan MLS,19042713,N,Y,42.1645419,-85.5841594
MLS Listing,,Vacant Land,7135 Bentwood Trl,Kalamazoo,MI,49009,89900,,,K25 - Texas Township,,47480,,113,,42,Active,,,http://www.redfin.com/MI/Kalamazoo/7135-Bentwood-Trl-49009/home/96614878,SW Michigan MLS,19042673,N,Y,42.2100773,-85.6894469
MLS Listing,,Vacant Land,7195 Bentwood Trl,Kalamazoo,MI,49009,89900,,,K25 - Texas Township,,38768,,113,,42,Active,,,http://www.redfin.com/MI/Kalamazoo/7195-Bentwood-Trl-49009/home/96312228,SW Michigan MLS,19042671,N,Y,42.2104476,-85.6906826
MLS Listing,,Vacant Land,7076 Bentwood Trl,Kalamazoo,MI,49009,78900,,,K25 - Texas Township,,39204,,113,,42,Active,,,http://www.redfin.com/MI/Kalamazoo/7076-Bentwood-Trl-49009/home/96774884,SW Michigan MLS,19042670,N,Y,42.210857,-85.6883583
MLS Listing,,Single Family Residential,5212 Torrey Pines Dr,Kalamazoo,MI,49009,264900,4,2.5,K25 - Texas Township,2860,14880,2006,113,93,,Active,,,http://www.redfin.com/MI/Kalamazoo/5212-Torrey-Pines-Dr-49009/home/96147789,SW Michigan MLS,19042653,N,Y,42.2144878,-85.6520548
MLS Listing,,Vacant Land,12212 S 32nd St,Vicksburg,MI,49097,49900,,,K29 - Brady Twp,,219978,,114,,,Active,,,http://www.redfin.com/MI/Vicksburg/12212-S-32nd-St-49097/home/96763796,SW Michigan MLS,19042634,N,Y,42.1407759,-85.4526284
MLS Listing,,Single Family Residential,5223 Willowbend Trl,Kalamazoo,MI,49009,374900,4,3.5,K25 - Texas Township,3608,16501,2003,114,104,,Active,,,http://www.redfin.com/MI/Kalamazoo/5223-Willowbend-Trl-49009/home/96744128,SW Michigan MLS,19042591,N,Y,42.2412794,-85.6527593
MLS Listing,,Single Family Residential,4515 Beechmount Ave,Portage,MI,49024,154900,3,1.0,K19 - North Portage,990,10890,1961,116,156,,Active,,,http://www.redfin.com/MI/Portage/4515-Beechmount-Ave-49024/home/96224329,SW Michigan MLS,19042274,N,Y,42.2329974,-85.6437881
MLS Listing,,Single Family Residential,1231 Ellery Grove Ct,Vicksburg,MI,49097,189500,3,2.5,K21 - Schoolcraft & Prairie Ronde Twp,2040,3485,2017,116,93,42,Active,,,http://www.redfin.com/MI/Vicksburg/1231-Ellery-Grove-Ct-49097/home/111978584,SW Michigan MLS,19042070,N,Y,42.1371523,-85.5555671
MLS Listing,,Single Family Residential,1750 Greenbriar Dr,Portage,MI,49024,299000,5,3.0,K19 - North Portage,4200,17511,1966,118,71,,Active,,,http://www.redfin.com/MI/Portage/1750-Greenbriar-Dr-49024/home/96711514,SW Michigan MLS,19041712,N,Y,42.2388486,-85.6119823
MLS Listing,,Single Family Residential,7280 Hopkinton Dr,Kalamazoo,MI,49009,319900,4,2.5,K25 - Texas Township,2735,14894,2019,118,117,17,Active,,,http://www.redfin.com/MI/Texas-Charter-Township/Hopkinton-Dr-49009/home/169995719,SW Michigan MLS,19041627,N,Y,42.2116,-85.65999
MLS Listing,,Single Family Residential,918 Fraser Grv,Vicksburg,MI,49097,189900,3,2.5,K21 - Schoolcraft & Prairie Ronde Twp,1754,9148,2007,119,108,12,Active,,,http://www.redfin.com/MI/Vicksburg/918-Fraser-Grv-49097/home/96485295,SW Michigan MLS,19041333,N,Y,42.1358417,-85.5486846
MLS Listing,,Single Family Residential,1615 Harper Grove Ln,Vicksburg,MI,49097,159900,2,2.0,K21 - Schoolcraft & Prairie Ronde Twp,1458,6970,2011,121,110,42,Active,,,http://www.redfin.com/MI/Vicksburg/1615-Harper-Grove-Ln-49097/home/96654949,SW Michigan MLS,19041228,N,Y,42.1389864,-85.5502931
MLS Listing,,Single Family Residential,8116 W Long Lake Dr,Kalamazoo,MI,49048,114900,2,1.0,K16 - Pavillion & Climax Tw,1140,20038,1947,122,101,,Active,,,http://www.redfin.com/MI/Kalamazoo/8116-W-Long-Lake-Dr-49048/home/111958792,SW Michigan MLS,19040944,N,Y,42.1995986,-85.5235848
MLS Listing,,Single Family Residential,5333 Foxcroft Dr,Kalamazoo,MI,49009,299900,4,2.5,K25 - Texas Township,3350,16428,1974,123,90,,Active,,,http://www.redfin.com/MI/Kalamazoo/5333-Foxcroft-Dr-49009/home/96382053,SW Michigan MLS,19040651,N,Y,42.2060368,-85.6552277
MLS Listing,,Single Family Residential,6501 S 30th St,Kalamazoo,MI,49048,189900,3,2.0,K16 - Pavillion & Climax Tw,1727,111949,1962,124,110,,Active,,,http://www.redfin.com/MI/Kalamazoo/6501-S-30th-St-49048/home/111973217,SW Michigan MLS,19040601,N,Y,42.2233312,-85.4665035
MLS Listing,,Single Family Residential,5947 Gavin Ln,Kalamazoo,MI,49009,439990,4,3.5,K25 - Texas Township,3070,27387,2019,125,143,58,Active,,,http://www.redfin.com/MI/Texas-Charter-Township/Gavin-Ln-49009/home/145724767,SW Michigan MLS,19040260,N,Y,42.209593,-85.666282
MLS Listing,,Single Family Residential,533 Liberty St,Kalamazoo,MI,49008,149900,3,1.5,K03 - Westnedge-Whites Rd,1188,22956,1930,126,126,,Active,,,http://www.redfin.com/MI/Kalamazoo/533-Liberty-St-49008/home/111945535,SW Michigan MLS,19040007,N,Y,42.2505159,-85.5908933
MLS Listing,,Single Family Residential,1822 Forest Dr,Portage,MI,49002,425000,3,2.0,K20 - South Portage,2000,10672,1947,128,213,,Active,,,http://www.redfin.com/MI/Portage/1822-Forest-Dr-49002/home/96276335,SW Michigan MLS,19039941,N,Y,42.1888861,-85.5676927
MLS Listing,,Single Family Residential,9116 E Long Lake Dr,Scotts,MI,49088,229900,2,1.0,K16 - Pavillion & Climax Tw,880,7300,1939,129,261,,Active,,,http://www.redfin.com/MI/Scotts/9116-E-Long-Lake-Dr-49088/home/96194330,SW Michigan MLS,19039670,N,Y,42.1848887,-85.5237487
MLS Listing,,Single Family Residential,7391 Milan Dr,Portage,MI,49024,259900,3,3.5,K19 - North Portage,3506,15246,2004,130,74,,Active,,,http://www.redfin.com/MI/Portage/7391-Milan-Dr-49024/home/96350788,SW Michigan MLS,19039342,N,Y,42.2098981,-85.6443902
MLS Listing,,Single Family Residential,4810 Deep Point Dr,Portage,MI,49002,359900,3,1.0,K20 - South Portage,1451,12962,1932,135,248,,Active,,,http://www.redfin.com/MI/Portage/4810-Deep-Point-Dr-49002/home/96500211,SW Michigan MLS,19038571,N,Y,42.1949793,-85.5314699
MLS Listing,,Single Family Residential,10425 E Q Ave,Scotts,MI,49088,339000,4,2.5,K16 - Pavillion & Climax Tw,3322,566280,1974,136,102,,Active,,,http://www.redfin.com/MI/Scotts/10425-E-Q-Ave-49088/home/111943369,SW Michigan MLS,19038509,N,Y,42.2027891,-85.4252698
MLS Listing,,Single Family Residential,7264 Orly Ct,Kalamazoo,MI,49009,279500,5,3.5,K25 - Texas Township,2999,27007,1993,136,93,,Active,,,http://www.redfin.com/MI/Kalamazoo/7264-Orly-Ct-49009/home/111968464,SW Michigan MLS,19038307,N,Y,42.2115852,-85.6508328
MLS Listing,,Condo/Co-op,10610 Gracie Ln,Portage,MI,49024,294900,2,2.0,K20 - South Portage,1304,,2019,137,226,275,Active,,,http://www.redfin.com/MI/Portage/Unknown-49024/home/145725038,SW Michigan MLS,19038197,N,Y,42.163289,-85.598453
MLS Listing,,Condo/Co-op,781 Janelle Ct,Portage,MI,49024,359900,2,2.0,K20 - South Portage,1552,,2019,137,232,275,Active,,,http://www.redfin.com/MI/Portage/781-Janelle-CT-49024/home/168620058,SW Michigan MLS,19038189,N,Y,42.16185,-85.597982
MLS Listing,,Single Family Residential,6211 Mcgillicuddy,Portage,MI,49024,426900,4,2.5,K19 - North Portage,2344,13150,2019,137,182,50,Active,,,http://www.redfin.com/MI/Portage/6211-Mcgillicuddy-Ln-49024/home/111986847,SW Michigan MLS,19038165,N,Y,42.2272702,-85.6351846
MLS Listing,,Vacant Land,828 Sugar Maple Cir,Vicksburg,MI,49097,29900,,,K21 - Schoolcraft & Prairie Ronde Twp,,18900,,137,,,Active,,,http://www.redfin.com/MI/Vicksburg/828-Sugar-Maple-Ct-49097/home/139605315,SW Michigan MLS,19038116,N,Y,42.1272305,-85.5465423
MLS Listing,,Vacant Land,838 Maple Meadows Ave,Vicksburg,MI,49097,29900,,,K21 - Schoolcraft & Prairie Ronde Twp,,19435,,137,,,Active,,,http://www.redfin.com/MI/Vicksburg/838-Maple-Meadows-Ave-49097/home/96824761,SW Michigan MLS,19038112,N,Y,42.1261148,-85.5454218
MLS Listing,,Single Family Residential,4415 Raborn Ct,Portage,MI,49024,244900,5,3.0,K19 - North Portage,3100,207781,1959,140,79,,Active,,,http://www.redfin.com/MI/Portage/4415-Raborn-Ct-49024/home/96452154,SW Michigan MLS,19037341,N,Y,42.242504,-85.642246
MLS Listing,,Vacant Land,6295 Texas Dr,Kalamazoo,MI,49009,68000,,,K25 - Texas Township,,88426,,142,,,Active,,,http://www.redfin.com/MI/Kalamazoo/6295-Texas-Dr-49009/home/146444078,SW Michigan MLS,19037178,N,Y,42.2119187,-85.6732577
MLS Listing,,Vacant Land,6131 Texas Dr,Kalamazoo,MI,49009,55000,,,K25 - Texas Township,,50529,,142,,,Active,,,http://www.redfin.com/MI/Kalamazoo/6131-Texas-Dr-49009/home/146444169,SW Michigan MLS,19037174,N,Y,42.2135452,-85.6710486
MLS Listing,,Condo/Co-op,2383 Shady Oak Cv,Portage,MI,49024,449900,3,3.0,K20 - South Portage,3137,,2011,144,143,355,Active,,,http://www.redfin.com/MI/Portage/2383-Shady-Oak-Cv-49024/home/96712253,SW Michigan MLS,19036596,N,Y,42.1880488,-85.6169404
MLS Listing,,Condo/Co-op,2056 Hailey Ct,Portage,MI,49024,229900,2,2.0,K19 - North Portage,1188,177725,2019,144,194,150,Active,,,http://www.redfin.com/MI/Portage/2056-Hailey-CT-49024/home/168143901,SW Michigan MLS,19036528,N,Y,42.221641,-85.613257
MLS Listing,,Condo/Co-op,7208 Glendora Ln,Kalamazoo,MI,49009,220000,2,2.0,K22 - Oshtemo Twp,1193,,2019,145,184,150,Active,,,http://www.redfin.com/MI/Kalamazoo/7208-Glendora-Ln-49009/home/168056841,SW Michigan MLS,19036424,N,Y,42.258952,-85.689474
MLS Listing,,Single Family Residential,410 Marylynn Ct,Portage,MI,49002,565000,3,2.0,K20 - South Portage,2640,42602,1966,145,214,,Active,,,http://www.redfin.com/MI/Portage/410-Marylynn-Ct-49002/home/111983148,SW Michigan MLS,19036238,N,Y,42.158598,-85.5853478
MLS Listing,,Single Family Residential,9174 Vanderbilt Ave,Portage,MI,49024,180000,3,2.0,Portage Twp,1987,94089,1956,146,91,,Active,,,http://www.redfin.com/MI/Portage/9174-Vanderbilt-Ave-49024/home/96241605,REALCOMP,219076148,N,Y,42.1840417,-85.628913
MLS Listing,,Condo/Co-op,7875 Preakness Ct,Kalamazoo,MI,49009,354990,3,2.0,K25 - Texas Township,2048,8196,2019,146,173,300,Active,,,http://www.redfin.com/MI/Kalamazoo/7875-Preakness-Ct-49009/home/111994171,SW Michigan MLS,19036077,N,Y,42.2028122,-85.6750144
MLS Listing,,Single Family Residential,313 Pierce Ave,Kalamazoo,MI,49001,85000,2,1.0,K03 - Westnedge-Whites Rd,792,6752,1954,146,107,,Active,,,http://www.redfin.com/MI/Kalamazoo/313-Pierce-Ave-49001/home/96255969,SW Michigan MLS,19035999,N,Y,42.2544587,-85.5864328
MLS Listing,,Single Family Residential,4782 Idlewood Ave,Portage,MI,49024,250000,4,3.5,K19 - North Portage,2584,780,1999,148,97,,Active,,,http://www.redfin.com/MI/Portage/4782-Idlewood-Ave-49024/home/96219074,SW Michigan MLS,19035640,N,Y,42.2412698,-85.6469192
MLS Listing,,Single Family Residential,2774 Pfitzer Ave,Portage,MI,49024,279900,4,3.5,K19 - North Portage,3564,12632,1987,150,79,,Active,,,http://www.redfin.com/MI/Portage/2774-Pfitzer-Ave-49024/home/96319043,SW Michigan MLS,19035266,N,Y,42.2284222,-85.6220863
MLS Listing,,Single Family Residential,8632 Portage Rd,Portage,MI,49002,119900,2,1.0,K20 - South Portage,940,55757,1978,151,128,,Active,,,http://www.redfin.com/MI/Portage/8632-Portage-Rd-49002/home/96710918,SW Michigan MLS,19035216,N,Y,42.1913957,-85.5621548
MLS Listing,,Vacant Land,5201 Willowbend Trl,Kalamazoo,MI,49009,59000,,,K25 - Texas Township,,97139,,151,,,Active,,,http://www.redfin.com/MI/Kalamazoo/5201-Willowbend-Trl-49009/home/74761792,SW Michigan MLS,19035161,N,Y,42.2412723,-85.652337
MLS Listing,,Single Family Residential,10716 Cora Dr,Portage,MI,49002,499000,4,2.5,K20 - South Portage,2720,152024,2015,152,183,,Active,,,http://www.redfin.com/MI/Portage/10716-Cora-Dr-49002/home/96794211,SW Michigan MLS,19034676,N,Y,42.1614334,-85.5813885
MLS Listing,,Vacant Land,7331 Bentwood Trl,Kalamazoo,MI,49009,94500,,,K25 - Texas Township,,42253,,154,,,Active,,,http://www.redfin.com/MI/Kalamazoo/7331-Bentwood-Trl-49009/home/108777714,SW Michigan MLS,19034372,N,Y,42.209266,-85.6907829
MLS Listing,,Single Family Residential,5660 Saddle Club Dr,Kalamazoo,MI,49009,549900,7,4.5,K25 - Texas Township,4996,46871,2005,156,110,,Active,,,http://www.redfin.com/MI/Kalamazoo/5660-Saddle-Club-Dr-49009/home/96610659,SW Michigan MLS,19034153,N,Y,42.2044158,-85.6607058
MLS Listing,,Single Family Residential,3184 Jacob's Cir,Kalamazoo,MI,49009,359900,5,3.5,K22 - Oshtemo Twp,3525,9000,2006,157,102,110,Active,,,http://www.redfin.com/MI/Kalamazoo/3184-Jacob-s-Cir-49009/home/96181671,SW Michigan MLS,19034063,N,Y,42.2601985,-85.6854203
MLS Listing,,Single Family Residential,1621 Sheridan Dr,Kalamazoo,MI,49001,116900,3,1.0,K01 - Milwood,840,4792,1948,157,139,,Active,,,http://www.redfin.com/MI/Kalamazoo/1621-Sheridan-Dr-49001/home/96180397,SW Michigan MLS,19033944,N,Y,42.2615496,-85.5599435
MLS Listing,,Single Family Residential,7840 Shepherds Glen Ct,Kalamazoo,MI,49009,474900,5,4.5,K25 - Texas Township,4026,60984,1993,161,118,,Active,,,http://www.redfin.com/MI/Kalamazoo/7840-Shepherds-Glen-Ct-49009/home/96320889,SW Michigan MLS,19032943,N,Y,42.2035851,-85.6515113
MLS Listing,,Single Family Residential,7260 Hopkinton Dr,Kalamazoo,MI,49009,299900,4,2.5,K25 - Texas Township,2393,14626,2019,165,125,17,Active,,,http://www.redfin.com/MI/Texas-Charter-Township/Hopkinton-Dr-49009/home/169995720,SW Michigan MLS,19032185,N,Y,42.211527,-85.659643
MLS Listing,,Single Family Residential,7454 Jamaica Ln,Portage,MI,49002,319500,4,2.5,K19 - North Portage,2210,12240,2019,166,145,,Active,,,http://www.redfin.com/MI/Portage/7454-Jamaica-Ln-49002/home/96827633,SW Michigan MLS,19031940,N,Y,42.2091241,-85.5340042
MLS Listing,,Single Family Residential,11600 32nd St,Vicksburg,MI,49097,200000,5,2.0,K29 - Brady Twp,1456,135036,2000,168,137,,Active,,,http://www.redfin.com/MI/Vicksburg/11600-S-32nd-St-49097/home/96363674,SW Michigan MLS,19031409,N,Y,42.1491462,-85.4521029
MLS Listing,,Single Family Residential,5363 E S Ave,Vicksburg,MI,49097,295000,4,3.0,K16 - Pavillion & Climax Tw,2419,160736,1970,171,122,,Active,,,http://www.redfin.com/MI/Vicksburg/5363-E-S-Ave-49097/home/111951100,SW Michigan MLS,19031172,N,Y,42.1720376,-85.5228582
MLS Listing,,Vacant Land,10743 Weaver Dr,Portage,MI,49002,49895,,,K20 - South Portage,,518364,,175,,,Active,,,http://www.redfin.com/MI/Portage/10743-Weaver-Dr-49002/home/96748879,SW Michigan MLS,19030274,N,Y,42.1597867,-85.5660274
MLS Listing,,Condo/Co-op,10420 Hammock Cir,Portage,MI,49024,220900,2,2.0,K20 - South Portage,1210,5400,2019,180,183,165,Active,,,http://www.redfin.com/MI/Portage/Hammock-Cir-49024/home/112029431,SW Michigan MLS,19029513,N,Y,42.165302,-85.616834
MLS Listing,,Vacant Land,10650 Biltmore,Portage,MI,49002,25000,,,K20 - South Portage,,13939,,181,,,Active,,,http://www.redfin.com/MI/Portage/10650-Biltmore-49002/home/96753764,SW Michigan MLS,19029146,N,Y,42.1625772,-85.5425269
MLS Listing,,Single Family Residential,2805 Portage St,Kalamazoo,MI,49001,162000,3,2.0,K01 - Milwood,1591,17899,1926,182,102,,Active,,,http://www.redfin.com/MI/Kalamazoo/2805-Portage-St-49001/home/96470789,SW Michigan MLS,19028872,N,Y,42.2629811,-85.5681449
MLS Listing,,Single Family Residential,1818 Greenbriar Dr,Portage,MI,49024,750000,6,4.5,K19 - North Portage,4386,40075,1965,183,171,,Active,,,http://www.redfin.com/MI/Portage/1818-Greenbriar-Dr-49024/home/111942171,SW Michigan MLS,19028812,N,Y,42.2412703,-85.6100371
MLS Listing,,Single Family Residential,1639 Harper Grove Ln,Vicksburg,MI,49097,184900,3,2.5,K21 - Schoolcraft & Prairie Ronde Twp,2290,7020,2013,190,81,42,Active,,,http://www.redfin.com/MI/Vicksburg/1639-Harper-Grove-Ln-49097/home/96226447,SW Michigan MLS,19027346,N,Y,42.1399496,-85.5502931
MLS Listing,,Single Family Residential,650 Ludington Ave,Portage,MI,49002,314900,4,2.5,K20 - South Portage,2860,15682,2005,203,110,,Active,,,http://www.redfin.com/MI/Portage/650-Ludington-Ave-49002/home/96574767,SW Michigan MLS,19024523,N,Y,42.1676606,-85.5826552
MLS Listing,,Single Family Residential,5908 Oakland Dr,Portage,MI,49024,159900,3,2.0,K19 - North Portage,1204,34107,1952,206,133,,Active,,,http://www.redfin.com/MI/Portage/5908-Oakland-Dr-49024/home/111968315,SW Michigan MLS,19024009,N,Y,42.2313592,-85.6143751
MLS Listing,,Vacant Land,10215 S Sprinkle Rd,Vicksburg,MI,49097,145000,,,K16 - Pavillion & Climax Tw,,1369526,,207,,,Active,,,http://www.redfin.com/MI/Vicksburg/10215-S-Sprinkle-Rd-49097/home/111964416,SW Michigan MLS,19023843,N,Y,42.1683817,-85.5245386
MLS Listing,,Single Family Residential,617 Barberry Avenue Ave,Portage,MI,49002,239900,3,3.0,K20 - South Portage,2635,26400,1970,209,91,,Active,,,http://www.redfin.com/MI/Portage/617-Barberry-Ave-49002/home/111974746,SW Michigan MLS,19023311,N,Y,42.19411,-85.5821528
MLS Listing,,Condo/Co-op,7974 Preakness Ct,Kalamazoo,MI,49009,389900,5,3.0,K25 - Texas Township,3083,7183,2017,216,126,300,Active,,,http://www.redfin.com/MI/Kalamazoo/7974-Preakness-Ct-49009/home/111955256,SW Michigan MLS,19021871,N,Y,42.201523,-85.6742745
MLS Listing,,Vacant Land,0 E T Ave,Vicksburg,MI,49097,147900,,,K21 - Schoolcraft & Prairie Ronde Twp,,1383030,,217,,,Active,,,http://www.redfin.com/MI/Vicksburg/E-T-Ave-Unknown/home/96742957,SW Michigan MLS,19021712,N,Y,42.157174,-85.56926
MLS Listing,,Single Family Residential,9742 S Sprinkle Rd,Portage,MI,49002,159900,3,1.0,K20 - South Portage,1285,149411,1931,228,124,,Active,,,http://www.redfin.com/MI/Portage/9742-S-Sprinkle-Rd-49002/home/111958225,SW Michigan MLS,19019455,N,Y,42.1751409,-85.5309009
MLS Listing,,Vacant Land,2421 Crest Dr,Kalamazoo,MI,49008,49700,,,K05 - Winchell & Hillcrest,,10454,,230,,,Active,,,http://www.redfin.com/MI/Kalamazoo/2421-Crest-Dr-49008/home/96189749,SW Michigan MLS,19019015,N,Y,42.2600437,-85.6198574
MLS Listing,,Single Family Residential,5040 Misty Creek Dr,Kalamazoo,MI,49009,189000,3,2.0,K25 - Texas Township,1728,16500,2002,231,109,,Active,,,http://www.redfin.com/MI/Kalamazoo/5040-Misty-Creek-Dr-49009/home/96555611,SW Michigan MLS,19018659,N,Y,42.2432394,-85.649167
MLS Listing,,Single Family Residential,7483 W Q Ave,Kalamazoo,MI,49009,499900,6,6.0,K25 - Texas Township,3951,46173,1989,237,127,,Active,,,http://www.redfin.com/MI/Kalamazoo/7483-W-Q-Ave-49009/home/111989884,SW Michigan MLS,19017439,N,Y,42.2005728,-85.6962734
MLS Listing,,Vacant Land,4627 Long Lake Dr,Portage,MI,49002,23999,,,K20 - South Portage,,30928,,243,,,Active,,,http://www.redfin.com/MI/Portage/4627-Long-Lake-Dr-49002/home/96823850,SW Michigan MLS,19016380,N,Y,42.1844703,-85.5338172
MLS Listing,,Vacant Land,1238 E Crooked Lake Dr,Kalamazoo,MI,49009,549900,,,K25 - Texas Township,,59242,,250,,,Active,,,http://www.redfin.com/MI/Kalamazoo/1238-E-Crooked-Lake-Dr-49009/home/162470844,SW Michigan MLS,19015066,N,Y,42.2081082,-85.6975896
MLS Listing,,Vacant Land,E N Ave,Kalamazoo,MI,49048-,249900,,,Pavilion Twp,,2395800,,269,,,Active,,,http://www.redfin.com/MI/Kalamazoo/East-North-Ave-49048/home/146429082,MiRealSource-MiMLS,21408272,N,Y,42.2448749657948,-85.5036399997162
MLS Listing,,Vacant Land,4130 Branch,Portage,MI,49002,19900,,,K20 - South Portage,,8276,,270,,,Active,,,http://www.redfin.com/MI/Portage/4130-Branch-49002/home/146518203,SW Michigan MLS,19011438,N,Y,42.196299,-85.567372
MLS Listing,,Single Family Residential,4206 Lake Forest Drive Dr,Kalamazoo,MI,49008,620000,4,3.5,K19 - North Portage,4900,29621,1973,297,127,,Active,,,http://www.redfin.com/MI/Kalamazoo/4206-Lake-Forest-Dr-49008/home/104230065,SW Michigan MLS,19007268,N,Y,42.248591,-85.6293
MLS Listing,,Vacant Land,S 26th St Unit (27.63 acres),Kalamazoo,MI,49048,414450,,,K13 - Comstock & Charleston,,1203563,,314,,,Active,,,http://www.redfin.com/MI/Kalamazoo/2763-S-26th-St-49048/unit-2763-acres/home/160455779,SW Michigan MLS,19005021,N,Y,42.2638839,-85.5118378
MLS Listing,,Condo/Co-op,8858 Silver Oak Cv,Portage,MI,49024,324900,2,3.0,K20 - South Portage,2382,,2011,315,136,355,Active,,,http://www.redfin.com/MI/Portage/8858-Silver-Oak-Cv-49024/home/96361700,SW Michigan MLS,19004868,N,Y,42.188194,-85.616191
MLS Listing,,Condo/Co-op,760 Janelle Ct,Portage,MI,49024,279900,2,2.0,K20 - South Portage,1270,,2019,320,220,275,Active,January-12-2020 12:30 PM,January-12-2020 02:30 PM,http://www.redfin.com/MI/Portage/Unknown-49024/home/145725024,SW Michigan MLS,19004397,N,Y,42.163726,-85.597163
MLS Listing,,Vacant Land,7271 Corners Cove St,Kalamazoo,MI,49009,85000,,,K25 - Texas Township,,22651,,332,,,Active,,,http://www.redfin.com/MI/Kalamazoo/7271-Corners-Cove-ST-Unknown/home/168673182,SW Michigan MLS,19003320,N,Y,42.204729,-85.694776
MLS Listing,,Vacant Land,7664 Corners Cove St,Kalamazoo,MI,49009,85000,,,K25 - Texas Township,,19602,,332,,,Active,,,http://www.redfin.com/MI/Kalamazoo/7664-Corners-Cove-ST-Unknown/home/168673219,SW Michigan MLS,19003316,N,Y,42.204729,-85.694776
MLS Listing,,Vacant Land,7694 Corners Cove St,Kalamazoo,MI,49009,80000,,,K25 - Texas Township,,18295,,332,,,Active,,,http://www.redfin.com/MI/Kalamazoo/7694-Corners-Cove-ST-Unknown/home/169146070,SW Michigan MLS,19003315,N,Y,42.204669,-85.695358
MLS Listing,,Vacant Land,7720 Corners Cove St,Kalamazoo,MI,49009,80000,,,K25 - Texas Township,,18295,,332,,,Active,,,http://www.redfin.com/MI/Kalamazoo/7720-Corners-Cove-ST-Unknown/home/168673221,SW Michigan MLS,19003314,N,Y,42.204729,-85.694776
MLS Listing,,Vacant Land,7746 Corners Cove St,Kalamazoo,MI,49009,70000,,,K25 - Texas Township,,18295,,332,,,Active,,,http://www.redfin.com/MI/Kalamazoo/7746-Corners-Cove-ST-Unknown/home/168673220,SW Michigan MLS,19003313,N,Y,42.204729,-85.694776
MLS Listing,,Vacant Land,7772 Corners Cove St,Kalamazoo,MI,49009,70000,,,K25 - Texas Township,,18295,,332,,,Active,,,http://www.redfin.com/MI/Kalamazoo/7772-Corners-Cove-ST-Unknown/home/168673208,SW Michigan MLS,19003311,N,Y,42.204729,-85.694776
MLS Listing,,Vacant Land,7798 Corners Cove St,Kalamazoo,MI,49009,70000,,,K25 - Texas Township,,18295,,332,,,Active,,,http://www.redfin.com/MI/Kalamazoo/7798-Corners-Cove-ST-Unknown/home/168673205,SW Michigan MLS,19003309,N,Y,42.204729,-85.694776
MLS Listing,,Vacant Land,7826 Corners Cove St,Kalamazoo,MI,49009,80000,,,K25 - Texas Township,,18295,,332,,,Active,,,http://www.redfin.com/MI/Kalamazoo/7826-Corners-Cove-ST-Unknown/home/168673206,SW Michigan MLS,19003308,N,Y,42.204729,-85.694776
MLS Listing,,Vacant Land,7854 Corners Cove St,Kalamazoo,MI,49009,80000,,,K25 - Texas Township,,18731,,332,,,Active,,,http://www.redfin.com/MI/Kalamazoo/7854-Corners-Cove-ST-Unknown/home/168673204,SW Michigan MLS,19003306,N,Y,42.204729,-85.694776
MLS Listing,,Vacant Land,7727 Corners Cove St,Kalamazoo,MI,49009,80000,,,K25 - Texas Township,,18295,,332,,,Active,,,http://www.redfin.com/MI/Kalamazoo/7727-Corners-Cove-ST-Unknown/home/168673168,SW Michigan MLS,19003287,N,Y,42.204729,-85.694776
MLS Listing,,Vacant Land,7687 Corners Cove St,Kalamazoo,MI,49009,80000,,,K25 - Texas Township,,18295,,332,,,Active,,,http://www.redfin.com/MI/Kalamazoo/7687-Corners-Cove-ST-Unknown/home/168673153,SW Michigan MLS,19003285,N,Y,42.204729,-85.694776
MLS Listing,,Vacant Land,7661 Corners Cove St,Kalamazoo,MI,49009,80000,,,K25 - Texas Township,,18295,,332,,,Active,,,http://www.redfin.com/MI/Kalamazoo/7661-Corners-Cove-ST-Unknown/home/168673143,SW Michigan MLS,19003281,N,Y,42.204669,-85.695358
MLS Listing,,Single Family Residential,2015 Lakeview Dr,Portage,MI,49002,729900,5,3.0,K20 - South Portage,2545,6534,2015,334,287,,Active,,,http://www.redfin.com/MI/Portage/2015-Lakeview-Dr-49002/home/96289540,SW Michigan MLS,19003053,N,Y,42.1819762,-85.5654515
MLS Listing,,Vacant Land,10798 Biltmore Ln,Portage,MI,49002,25000,,,K20 - South Portage,,,,335,,,Active,,,http://www.redfin.com/MI/Portage/10798-Biltmore-49002/home/96727162,SW Michigan MLS,19002906,N,Y,42.160475,-85.542894
MLS Listing,,Vacant Land,10622 Brightwaters Ln,Portage,MI,49002,25000,,,K20 - South Portage,,,,335,,,Active,,,http://www.redfin.com/MI/Portage/Unknown-49002/home/96752241,SW Michigan MLS,19002905,N,Y,42.16326,-85.542646
MLS Listing,,Vacant Land,10633 Brightwaters Ln,Portage,MI,49002,22400,,,K20 - South Portage,,13920,,335,,,Active,,,http://www.redfin.com/MI/Portage/Unknown-49002/home/96782666,SW Michigan MLS,19002899,N,Y,42.162936,-85.542005
MLS Listing,,Vacant Land,10645 Biltmore Ln,Portage,MI,49002,22400,,,K20 - South Portage,,,,335,,,Active,,,http://www.redfin.com/MI/Portage/10645-Biltmore-49002/home/96776066,SW Michigan MLS,19002898,N,Y,42.1627117,-85.541849
MLS Listing,,Vacant Land,10659 Biltmore Ln,Portage,MI,49002,22400,,,K20 - South Portage,,,,335,,,Active,,,http://www.redfin.com/MI/Portage/10659-Biltmore-Ln-49002/home/96762219,SW Michigan MLS,19002896,N,Y,42.1624749,-85.5418096
MLS Listing,,Vacant Land,10675 Biltmore Ln,Portage,MI,49002,22400,,,K20 - South Portage,,,,335,,,Active,,,http://www.redfin.com/MI/Portage/10675-Biltmore-Ln-49002/home/96752240,SW Michigan MLS,19002893,N,Y,42.1622411,-85.5418049
MLS Listing,,Vacant Land,10693 Biltmore Ln,Portage,MI,49002,22400,,,K20 - South Portage,,,,335,,,Active,,,http://www.redfin.com/MI/Portage/10693-Biltmore-Ln-49002/home/96766276,SW Michigan MLS,19002890,N,Y,42.1620079,-85.5418021
MLS Listing,,Vacant Land,10707 Biltmore Ln,Portage,MI,49002,22400,,,K20 - South Portage,,,,335,,,Active,,,http://www.redfin.com/MI/Portage/10707-Biltmore-Ln-49002/home/96809873,SW Michigan MLS,19002886,N,Y,42.1617746,-85.5417993
MLS Listing,,Vacant Land,10710 Chancellor St,Portage,MI,49002,22400,,,K20 - South Portage,,,,335,,,Active,,,http://www.redfin.com/MI/Portage/10710-Chancellor-49002/home/96796880,SW Michigan MLS,19002862,N,Y,42.161776,-85.541365
MLS Listing,,Vacant Land,10694 Chancellor St,Portage,MI,49002,22400,,,K20 - South Portage,,,,335,,,Active,,,http://www.redfin.com/MI/Portage/10694-Chancellor-49002/home/96804710,SW Michigan MLS,19002860,N,Y,42.162009,-85.541367
MLS Listing,,Vacant Land,10930 E Shore Dr,Portage,MI,49002,20000,,,K20 - South Portage,,23700,,336,,,Active,,,http://www.redfin.com/MI/Portage/10930-E-Shore-Dr-49002/home/96774291,SW Michigan MLS,19002691,N,Y,42.1585956,-85.5406759
MLS Listing,,Vacant Land,4000 New Farm St,Kalamazoo,MI,49048,45000,,,K13 - Comstock & Charleston,,66211,,353,,,Active,,,http://www.redfin.com/MI/Kalamazoo/4000-New-Farm-St-49048/home/96771458,SW Michigan MLS,19000623,N,Y,42.2529838,-85.5105363
MLS Listing,,Vacant Land,3658 New Farm St,Kalamazoo,MI,49048,35000,,,K13 - Comstock & Charleston,,44431,,353,,,Active,,,http://www.redfin.com/MI/Kalamazoo/3658-New-Farm-St-49048/home/113022102,SW Michigan MLS,19000620,N,Y,42.2553956,-85.5071131
MLS Listing,,Vacant Land,3676 New Farm St,Kalamazoo,MI,49048,37500,,,K13 - Comstock & Charleston,,60113,,353,,,Active,,,http://www.redfin.com/MI/Kalamazoo/3676-New-Farm-St-49048/home/143128493,SW Michigan MLS,19000621,N,Y,42.2556624,-85.5083744
MLS Listing,,Vacant Land,3880 New Farm St,Kalamazoo,MI,49048,35000,,,K13 - Comstock & Charleston,,43560,,353,,,Active,,,http://www.redfin.com/MI/Kalamazoo/3880-New-Farm-St-49048/home/96768408,SW Michigan MLS,19000622,N,Y,42.2539065,-85.5105596
MLS Listing,,Vacant Land,12867 Us 131,Schoolcraft,MI,49087,60000,,,K21 - Schoolcraft & Prairie Ronde Twp,,74923,,655,,,Active,,,http://www.redfin.com/MI/Schoolcraft/12867-U-S-131-49087/home/96752313,SW Michigan MLS,18008438,N,Y,42.1305854,-85.6362035
MLS Listing,,Vacant Land,1041 E Osterhout Ave,Portage,MI,49002,24900,,,K20 - South Portage,,15681,,673,,,Active,,,http://www.redfin.com/MI/Portage/1041-E-Osterhout-Ave-49002/home/96737930,SW Michigan MLS,18005726,N,Y,42.1650255,-85.577898
MLS Listing,,Vacant Land,3364 S 26th St,Kalamazoo,MI,49048,150000,,,K13 - Comstock & Charleston,,653400,,976,,,Active,,,http://www.redfin.com/MI/Kalamazoo/3364-S-26th-St-49048/home/111978617,SW Michigan MLS,17017407,N,Y,42.2571005,-85.5130622
MLS Listing,,Vacant Land,2770 Zylman Ave,Portage,MI,49002,2100000,,,K20 - South Portage,,5662800,,1186,,,Active,,,http://www.redfin.com/MI/Portage/2770-Zylman-Ave-49002/home/112028875,SW Michigan MLS,16049273,N,Y,42.1935392,-85.5566077
For-Sale-by-Owner Listing,,Single Family Residential,8621 S Westnedge Ave,Portage,MI,49002,245000,3,3.0,Portage,2787,95396,1950,86,88,,Active,,,http://www.redfin.com/MI/Portage/8621-S-Westnedge-Ave-49002/home/96203698,Fizber.com,5033583,N,Y,42.1916719,-85.5888239
For-Sale-by-Owner Listing,,Single Family Residential,7803 Primrose Ln,Portage,MI,49024,299900,5,4.0,Portage,2915,11761,1998,199,103,,Active,,,http://www.redfin.com/MI/Portage/7803-Primrose-Ln-49024/home/96344263,Fizber.com,5019383,N,Y,42.2038333,-85.6081002
New Construction Plan,,Single Family Residential,Traditions 2300 V8.0b,Kalamazoo,MI,49009,299900,3,2.5,Applegate Trails,2340,,,,128,,Active,,,http://www.redfin.com/MI/Kalamazoo/Applegate-Trails/Traditions-2300-V8-0b/home/169900229,NewHomeSource.com,Plan-101437239,N,Y,42.2133626,-85.6659497
New Construction Plan,,Single Family Residential,Traditions 2900 V8.2b,Portage,MI,49024,342975,4,2.5,Copperleaf,2948,,,,116,,Active,,,http://www.redfin.com/MI/Portage/Copperleaf/Traditions-2900-V8-2b/home/169900219,NewHomeSource.com,Plan-101437309,N,Y,42.230661,-85.635595
New Construction Plan,,Single Family Residential,Traditions 2900 V8.2b,Kalamazoo,MI,49009,367565,4,2.5,Applegate Pointe,2948,,,,125,,Active,,,http://www.redfin.com/MI/Kalamazoo/Applegate-Pointe/Traditions-2900-V8-2b/home/169352736,NewHomeSource.com,Plan-101718849,N,Y,42.222817,-85.656625
New Construction Plan,,Single Family Residential,Traditions 2200 V8.0b,Kalamazoo,MI,49009,293900,3,2.5,Applegate Trails,2244,,,,131,,Active,,,http://www.redfin.com/MI/Kalamazoo/Applegate-Trails/Traditions-2200-V8-0b/home/169900230,NewHomeSource.com,Plan-101437238,N,Y,42.2133626,-85.6659497
New Construction Plan,,Single Family Residential,Traditions 2800 V8.0b,Portage,MI,49024,304420,3,2.5,Copperleaf,2780,,,,110,,Active,,,http://www.redfin.com/MI/Portage/Copperleaf/Traditions-2800-V8-0b/home/169864575,NewHomeSource.com,Plan-101437308,N,Y,42.230661,-85.635595
New Construction Plan,,Single Family Residential,Traditions 2800 V8.0b,Kalamazoo,MI,49009,331480,3,2.5,Applegate Pointe,2780,,,,119,,Active,,,http://www.redfin.com/MI/Kalamazoo/Applegate-Pointe/Traditions-2800-V8-0b/home/169352737,NewHomeSource.com,Plan-101718848,N,Y,42.222817,-85.656625
New Construction Plan,,Single Family Residential,Traditions 1600 V8.0b,Kalamazoo,MI,49009,288900,3,2.0,Applegate Trails,1658,,,,174,,Active,,,http://www.redfin.com/MI/Kalamazoo/Applegate-Trails/Traditions-1600-V8-0b/home/169900231,NewHomeSource.com,Plan-101437237,N,Y,42.2133626,-85.6659497
New Construction Plan,,Single Family Residential,Traditions 2600 V8.1b,Portage,MI,49024,307535,4,2.5,Copperleaf,2637,,,,117,,Active,,,http://www.redfin.com/MI/Portage/Copperleaf/Traditions-2600-V8-1b/home/169900220,NewHomeSource.com,Plan-101437307,N,Y,42.230661,-85.635595
New Construction Plan,,Single Family Residential,Traditions 2600 V8.1b,Kalamazoo,MI,49009,332440,4,2.5,Applegate Pointe,2637,,,,126,,Active,,,http://www.redfin.com/MI/Kalamazoo/Applegate-Pointe/Traditions-2600-V8-1b/home/169352738,NewHomeSource.com,Plan-101718847,N,Y,42.222817,-85.656625
New Construction Plan,,Single Family Residential,Traditions 3400 V8.0b,Kalamazoo,MI,49009,352900,4,2.5,Applegate Trails,3420,,,,103,,Active,,,http://www.redfin.com/MI/Kalamazoo/Applegate-Trails/Traditions-3400-V8-0b/home/169900232,NewHomeSource.com,Plan-101437236,N,Y,42.2133626,-85.6659497
New Construction Plan,,Single Family Residential,Traditions 2330 V8.0b,Kalamazoo,MI,49009,318380,3,2.5,Applegate Pointe,2330,,,,137,,Active,,,http://www.redfin.com/MI/Kalamazoo/Applegate-Pointe/Traditions-2330-V8-0b/home/169352739,NewHomeSource.com,Plan-101718846,N,Y,42.222817,-85.656625
New Construction Plan,,Single Family Residential,Traditions 3390 V8.2b,Kalamazoo,MI,49009,358900,4,2.5,Applegate Trails,3423,,,,105,,Active,,,http://www.redfin.com/MI/Kalamazoo/Applegate-Trails/Traditions-3390-V8-2b/home/169900233,NewHomeSource.com,Plan-101437235,N,Y,42.2133626,-85.6659497
New Construction Plan,,Single Family Residential,Traditions 2350 V8.0b,Kalamazoo,MI,49009,337185,3,2.0,Applegate Pointe,2300,,,,147,,Active,,,http://www.redfin.com/MI/Kalamazoo/Applegate-Pointe/Traditions-2350-V8-0b/home/169352740,NewHomeSource.com,Plan-101718845,N,Y,42.222817,-85.656625
New Construction Plan,,Single Family Residential,Traditions 3100 V8.0c,Kalamazoo,MI,49009,328900,4,2.5,Applegate Trails,3070,,,,107,,Active,,,http://www.redfin.com/MI/Kalamazoo/Applegate-Trails/Traditions-3100-V8-0c/home/169900234,NewHomeSource.com,Plan-101437234,N,Y,42.2133626,-85.6659497
New Construction Plan,,Single Family Residential,Traditions 2300 V8.0b,Kalamazoo,MI,49009,308350,3,2.5,Applegate Pointe,2340,,,,132,,Active,,,http://www.redfin.com/MI/Kalamazoo/Applegate-Pointe/Traditions-2300-V8-0b/home/169352741,NewHomeSource.com,Plan-101718844,N,Y,42.222817,-85.656625
New Construction Plan,,Single Family Residential,Traditions 2900 V8.2b,Kalamazoo,MI,49009,359900,4,2.5,Applegate Trails,2948,,,,122,,Active,,,http://www.redfin.com/MI/Kalamazoo/Applegate-Trails/Traditions-2900-V8-2b/home/169900235,NewHomeSource.com,Plan-101437233,N,Y,42.2133626,-85.6659497
New Construction Plan,,Single Family Residential,Traditions 2200 V8.0b,Kalamazoo,MI,49009,301210,3,2.5,Applegate Pointe,2244,,,,134,,Active,,,http://www.redfin.com/MI/Kalamazoo/Applegate-Pointe/Traditions-2200-V8-0b/home/169352742,NewHomeSource.com,Plan-101718843,N,Y,42.222817,-85.656625
New Construction Plan,,Single Family Residential,Traditions 2800 V8.0b,Kalamazoo,MI,49009,322900,3,2.5,Applegate Trails,2780,,,,116,,Active,,,http://www.redfin.com/MI/Kalamazoo/Applegate-Trails/Traditions-2800-V8-0b/home/169900236,NewHomeSource.com,Plan-101437232,N,Y,42.2133626,-85.6659497
New Construction Plan,,Single Family Residential,Traditions 1600 V8.0b,Kalamazoo,MI,49009,295990,3,2.0,Applegate Pointe,1658,,,,179,,Active,,,http://www.redfin.com/MI/Kalamazoo/Applegate-Pointe/Traditions-1600-V8-0b/home/169352743,NewHomeSource.com,Plan-101718842,N,Y,42.222817,-85.656625
New Construction Plan,,Single Family Residential,Traditions 2600 V8.1b,Kalamazoo,MI,49009,324900,4,2.5,Applegate Trails,2637,,,,123,,Active,,,http://www.redfin.com/MI/Kalamazoo/Applegate-Trails/Traditions-2600-V8-1b/home/169900237,NewHomeSource.com,Plan-101437231,N,Y,42.2133626,-85.6659497
New Construction Plan,,Single Family Residential,Elements 2700,Kalamazoo,MI,49009,312490,4,2.5,Applegate Pointe,2735,,,,114,,Active,,,http://www.redfin.com/MI/Kalamazoo/Applegate-Pointe/Elements-2700/home/169352744,NewHomeSource.com,Plan-101718841,N,Y,42.222817,-85.656625
New Construction Plan,,Single Family Residential,Traditions 2350 V8.0b,Kalamazoo,MI,49009,328900,3,2.0,Applegate Trails,2300,,,,143,,Active,,,http://www.redfin.com/MI/Kalamazoo/Applegate-Trails/Traditions-2350-V8-0b/home/169937930,NewHomeSource.com,Plan-101437230,N,Y,42.2133626,-85.6659497
New Construction Plan,,Single Family Residential,Elements 2390,Kalamazoo,MI,49009,291355,3,2.5,Applegate Pointe,2393,,,,122,,Active,,,http://www.redfin.com/MI/Kalamazoo/Applegate-Pointe/Elements-2390/home/169352745,NewHomeSource.com,Plan-101718840,N,Y,42.222817,-85.656625
New Construction Plan,,Single Family Residential,Elements 1600,Portage,MI,49024,236900,3,2.0,Pennridge Trail,1687,,,,140,,Active,,,http://www.redfin.com/MI/Portage/Pennridge-Trail/Elements-1600/home/170029551,NewHomeSource.com,Plan-101739649,N,Y,42.1649283,-85.611224
New Construction Plan,,Single Family Residential,Elements 1400,Portage,MI,49024,228900,3,2.0,Pennridge Trail,1412,,,,162,,Active,,,http://www.redfin.com/MI/Portage/Pennridge-Trail/Elements-1400/home/170029550,NewHomeSource.com,Plan-101739650,N,Y,42.1649283,-85.611224
New Construction Plan,,Single Family Residential,Elements 1680,Portage,MI,49024,229900,3,2.5,Pennridge Trail,1682,,,,137,,Active,,,http://www.redfin.com/MI/Portage/Pennridge-Trail/Elements-1680/home/170029549,NewHomeSource.com,Plan-101739651,N,Y,42.1649283,-85.611224
New Construction Plan,,Single Family Residential,Elements 2600,Portage,MI,49024,261900,4,2.5,Pennridge Trail,2626,,,,100,,Active,,,http://www.redfin.com/MI/Portage/Pennridge-Trail/Elements-2600/home/170029548,NewHomeSource.com,Plan-101739652,N,Y,42.1649283,-85.611224
New Construction Plan,,Single Family Residential,Elements 2390,Portage,MI,49024,253900,3,2.5,Pennridge Trail,2393,,,,106,,Active,,,http://www.redfin.com/MI/Portage/Pennridge-Trail/Elements-2390/home/170029547,NewHomeSource.com,Plan-101739653,N,Y,42.1649283,-85.611224
New Construction Plan,,Single Family Residential,Elements 2200,Portage,MI,49024,247900,3,2.5,Pennridge Trail,2246,,,,110,,Active,,,http://www.redfin.com/MI/Portage/Pennridge-Trail/Elements-2200/home/170029546,NewHomeSource.com,Plan-101739654,N,Y,42.1649283,-85.611224
New Construction Plan,,Single Family Residential,Elements 2100,Portage,MI,49024,242900,3,2.5,Pennridge Trail,2121,,,,115,,Active,,,http://www.redfin.com/MI/Portage/Pennridge-Trail/Elements-2100/home/170029545,NewHomeSource.com,Plan-101739655,N,Y,42.1649283,-85.611224
New Construction Plan,,Single Family Residential,Elements 2070,Portage,MI,49024,241900,3,2.5,Pennridge Trail,2075,,,,117,,Active,,,http://www.redfin.com/MI/Portage/Pennridge-Trail/Elements-2070/home/170029544,NewHomeSource.com,Plan-101739656,N,Y,42.1649283,-85.611224
New Construction Plan,,Single Family Residential,Elements 1870,Portage,MI,49024,233900,3,2.5,Pennridge Trail,1870,,,,125,,Active,,,http://www.redfin.com/MI/Portage/Pennridge-Trail/Elements-1870/home/170029543,NewHomeSource.com,Plan-101739657,N,Y,42.1649283,-85.611224
New Construction Plan,,Single Family Residential,Elements 1700,Portage,MI,49024,228900,3,2.5,Pennridge Trail,1702,,,,134,,Active,,,http://www.redfin.com/MI/Portage/Pennridge-Trail/Elements-1700/home/170029542,NewHomeSource.com,Plan-101739658,N,Y,42.1649283,-85.611224
New Construction Plan,,Single Family Residential,Elements 2700,Portage,MI,49024,274900,4,2.5,Pennridge Trail,2735,,,,101,,Active,,,http://www.redfin.com/MI/Portage/Pennridge-Trail/Elements-2700/home/170029541,NewHomeSource.com,Plan-101739659,N,Y,42.1649283,-85.611224
New Construction Plan,,Single Family Residential,Elements 1800,Portage,MI,49024,246900,3,2.5,Pennridge Trail,1805,,,,137,,Active,,,http://www.redfin.com/MI/Portage/Pennridge-Trail/Elements-1800/home/170029540,NewHomeSource.com,Plan-101739660,N,Y,42.1649283,-85.611224
New Construction Plan,,Single Family Residential,Integrity 1460,Portage,MI,49024,190900,3,2.0,Pennridge Trail,1459,,,,131,,Active,,,http://www.redfin.com/MI/Portage/Pennridge-Trail/Integrity-1460/home/170029539,NewHomeSource.com,Plan-101739661,N,Y,42.1649283,-85.611224
New Construction Plan,,Single Family Residential,Integrity 1560,Portage,MI,49024,210900,3,2.5,Pennridge Trail,1576,,,,134,,Active,,,http://www.redfin.com/MI/Portage/Pennridge-Trail/Integrity-1560/home/170029538,NewHomeSource.com,Plan-101739662,N,Y,42.1649283,-85.611224
New Construction Plan,,Single Family Residential,Integrity 1750,Portage,MI,49024,200900,3,2.0,Pennridge Trail,1736,,,,116,,Active,,,http://www.redfin.com/MI/Portage/Pennridge-Trail/Integrity-1750/home/170029537,NewHomeSource.com,Plan-101739663,N,Y,42.1649283,-85.611224
New Construction Plan,,Single Family Residential,Integrity 1830,Portage,MI,49024,220900,4,2.5,Pennridge Trail,1830,,,,121,,Active,,,http://www.redfin.com/MI/Portage/Pennridge-Trail/Integrity-1830/home/170029536,NewHomeSource.com,Plan-101739664,N,Y,42.1649283,-85.611224
New Construction Plan,,Single Family Residential,Integrity 2060,Portage,MI,49024,203900,3,2.0,Pennridge Trail,2060,,,,99,,Active,,,http://www.redfin.com/MI/Portage/Pennridge-Trail/Integrity-2060/home/170029535,NewHomeSource.com,Plan-101739665,N,Y,42.1649283,-85.611224
